"Name","IAUname","RA","DEC","Type","Redshift","Spectra_No"
"PTF09a","2009av","215.982747","35.184821","SN Ia","0.0555","1"
"PTF09aa","2009ci","173.336234","-9.41118","SN Ia","0.12","1"
"PTF09ab","2009ck","140.565681","45.747841","SN Ia","0.175","1"
"PTF09ac","2009co","186.147399","47.237755","SN Ia","0.161","1"
"PTF09ad","2009cn","165.777761","50.159969","SN Ia","0.201","1"
"PTF09ads",NULL,"219.964058","13.76535","SN Ia","0.06","1"
"PTF09agm",NULL,"259.140027","43.566566","SN Ia","0.07","1"
"PTF09agy",NULL,"253.031008","43.298055","SN Ia","0.057","1"
"PTF09ahf",NULL,"258.007293","20.502289","SN Ia","0.08","1"
"PTF09aj","2009cj","146.37703","6.540386","SN Ia","0.09","1"
"PTF09akb",NULL,"245.578255","51.146558","SN Ia","0.055","5"
"PTF09akt","2009hl","262.792007","36.427684","SN Ia","0.05","3"
"PTF09alu",NULL,"214.573979","53.792253","SN Ia","0.071","1"
"PTF09aly",NULL,"234.637804","13.344254","SN Ia","0.049","1"
"PTF09amm",NULL,"230.87221","37.878798","SN Ia","0.07","1"
"PTF09aro",NULL,"227.978785","48.669406","SN Ia","0.085","1"
"PTF09atw",NULL,"252.760192","26.604571","SN Ia","0.053","1"
"PTF09aus",NULL,"225.230519","-0.192536","SN Ia","0.04","0"
"PTF09av","2009cp","138.803217","19.096335","SN Ia","0.22","1"
"PTF09awa","2009en","221.593804","13.024031","SN Ia",NULL,"2"
"PTF09awd",NULL,"221.107776","12.107269","SN Ia","0.153","1"
"PTF09aws",NULL,"227.622047","20.92222","SN Ia","0.08","0"
"PTF09awt",NULL,"236.761734","40.689086","SN Ia","0.185","1"
"PTF09awx",NULL,"207.18712","37.434691","SN Ia","0.1265","5"
"PTF09axg",NULL,"230.879191","14.182134","SN Ia","0.18","0"
"PTF09azf","2009fv","247.433446","40.811411","SN Ia","0.0293","3"
"PTF09azm",NULL,"231.963728","41.143246","SN Ia","0.2","0"
"PTF09azu",NULL,"199.688118","40.735395","SN Ia","0.114","1"
"PTF09azv",NULL,"223.089145","46.730572","SN Ia","0.13","1"
"PTF09bad",NULL,"244.003121","56.346632","SN Ia","0.1385","5"
"PTF09bai",NULL,"230.098128","26.424681","SN Ia","0.18","1"
"PTF09bak",NULL,"243.921029","52.251257","SN Ia","0.03","0"
"PTF09bam",NULL,"195.945029","65.611079","SN Ia","0.15","1"
"PTF09bau",NULL,"199.696585","60.534408","SN Ia","0.07","1"
"PTF09bc","2009ch","162.785707","74.08981","SN Ia","0.17","1"
"PTF09bck",NULL,"209.18402","24.446833","SN Ia","0.1","1"
"PTF09bdb",NULL,"317.752784","-14.026394","SN Ia","0.03","1"
"PTF09bh","2009cx","186.163657","8.933169","SN Ia","0.175","1"
"PTF09bha",NULL,"337.150427","34.878257","SN Ia","0.18","0"
"PTF09biq","2009hi","350.984363","16.774949","SN Ia","0.04","5"
"PTF09bj","2009cr","169.526697","12.895411","SN Ia","0.144","1"
"PTF09bjs",NULL,"238.886983","53.033824","SN Ia","0.066","0"
"PTF09by","2009cu","202.303018","46.724387","SN Ia","0.1","1"
"PTF09c","2009an","185.6975","65.85125","SN Ia","0.009373","3"
"PTF09cbu",NULL,"357.653034","26.041857","SN Ia","0.057","1"
"PTF09cex",NULL,"356.224141","-9.691044","SN Ia","0.07","1"
"PTF09cfx",NULL,"316.812396","-22.524528","SN Ia","0.09","0"
"PTF09csj",NULL,"243.226206","34.279076","SN Ia","0.09","1"
"PTF09csl",NULL,"264.629848","36.753849","SN Ia","0.14","1"
"PTF09csn",NULL,"246.726941","25.979242","SN Ia","0.11","2"
"PTF09cug",NULL,"245.546757","15.868488","SN Ia","0.16","1"
"PTF09ddw",NULL,"351.886446","27.063345","SN Ia","0.122","1"
"PTF09dgr",NULL,"244.280682","38.972083","SN Ia","0.14","1"
"PTF09dh","2009dr","221.175308","49.729149","SN Ia","0.199","6"
"PTF09dhu",NULL,"347.150227","12.373578","SN Ia","0.15","1"
"PTF09dhx",NULL,"336.595192","10.826181","SN Ia","0.087","1"
"PTF09dib",NULL,"245.387087","11.612329","SN Ia","0.1","1"
"PTF09dic",NULL,"353.789683","18.934008","SN Ia","0.07","1"
"PTF09dih",NULL,"227.579318","43.72831","SN Ia","0.119","1"
"PTF09dip",NULL,"219.537472","70.182026","SN Ia","0.137","1"
"PTF09djc",NULL,"266.732903","59.201349","SN Ia","0.03","2"
"PTF09dkr",NULL,"349.488451","11.30401","SN Ia","0.11","1"
"PTF09dlc",NULL,"326.625436","6.419234","SN Ia","0.068","11"
"PTF09dmk",NULL,"241.620655","18.267895","SN Ia","0.039","0"
"PTF09dmn",NULL,"340.489648","7.362159","SN Ia","0.13","1"
"PTF09dnl","2009jb","260.924126","30.497098","SN Ia","0.019","14"
"PTF09dnp",NULL,"229.851529","49.49898","SN Ia","0.037","11"
"PTF09dnq",NULL,"325.661708","2.7176","SN Ia","0.12","1"
"PTF09dpp",NULL,"255.564882","41.467368","SN Ia","0.168","1"
"PTF09dpy",NULL,"350.614123","24.842774","SN Ia","0.06","1"
"PTF09dqt",NULL,"217.120119","61.160352","SN Ia","0.113","1"
"PTF09ds","2009ey","212.319493","53.103563","SN Ia","0.179","1"
"PTF09dsr",NULL,"220.783288","54.611567","SN Ia","0.07","2"
"PTF09dsw",NULL,"220.314398","23.979383","SN Ia","0.0785","1"
"PTF09dsy","2009im","53.3421","-4.998677","SN Ia","0.0131","1"
"PTF09dsz",NULL,"222.119275","44.245197","SN Ia","0.18","1"
"PTF09dxo",NULL,"30.447754","-7.093836","SN Ia","0.052","1"
"PTF09dxw",NULL,"356.211748","27.625916","SN Ia","0.0299","1"
"PTF09dyc",NULL,"335.573981","2.740227","SN Ia","0.062","2"
"PTF09dyg",NULL,"331.86804","17.675685","SN Ia","0.127","1"
"PTF09dyh",NULL,"359.55953","15.807964","SN Ia","0.167","1"
"PTF09dyi",NULL,"340.9282","7.439891","SN Ia","0.196","1"
"PTF09dym",NULL,"359.354377","25.393445","SN Ia","0.107","1"
"PTF09dyp",NULL,"331.820195","5.040377","SN Ia","0.144","1"
"PTF09dyw",NULL,"328.832439","15.066527","SN Ia","0.21","1"
"PTF09dza",NULL,"315.881501","-4.342605","SN Ia","0.084","1"
"PTF09dzq",NULL,"70.117739","-5.295867","SN Ia","0.091","1"
"PTF09dzu",NULL,"261.340421","60.170864","SN Ia","0.133","1"
"PTF09dzy",NULL,"34.653382","-11.644685","SN Ia","0.21","1"
"PTF09e","2009bd","138.64173","51.175273","SN Ia","0.149","1"
"PTF09eag",NULL,"325.874685","6.204609","SN Ia","0.23","1"
"PTF09ec","2009ez","198.22704","43.476641","SN Ia","0.091","1"
"PTF09ecx",NULL,"345.784582","14.724815","SN Ia","0.15","1"
"PTF09edr",NULL,"2.929207","30.238631","SN Ia","0.085","1"
"PTF09ege",NULL,"263.956297","51.100688","SN Ia","0.139","1"
"PTF09ego",NULL,"261.604825","62.972803","SN Iax[02cx-like]","0.104","2"
"PTF09eiy",NULL,"28.569499","-15.08377","SN Ia","0.035","7"
"PTF09eoi",NULL,"351.05362","12.778504","SN Ia","0.042","5"
"PTF09eop",NULL,"234.893708","53.05119","SN Ia","0.07","1"
"PTF09eov",NULL,"325.341472","-2.337528","SN Ia","0.17","1"
"PTF09epo",NULL,"48.702515","-12.862248","SN Ia","0.015","1"
"PTF09epz",NULL,"29.438923","-15.076082","SN Ia","0.17","1"
"PTF09eqc",NULL,"70.228672","-8.372243","SN Ia","0.016","2"
"PTF09euz",NULL,"359.703232","26.722033","SN Ia","0.122","2"
"PTF09exw",NULL,"259.153124","58.770358","SN Ia","0.115","0"
"PTF09f","2009be","175.475121","10.429491","SN Ia","0.153","1"
"PTF09fb","2009fa","251.678424","75.257944","SN Ia","0.042","1"
"PTF09fet",NULL,"259.242984","38.9922","SN Ia","0.09","1"
"PTF09fey",NULL,"255.760485","67.450011","SN Ia","0.13","1"
"PTF09fgg",NULL,"264.039312","49.296767","SN Ia","0.08","1"
"PTF09fhc",NULL,"316.050564","-4.281615","SN Ia","0.17","1"
"PTF09fim",NULL,"261.400344","67.063906","SN Ia","0.08","1"
"PTF09fop",NULL,"359.4744","30.472548","SN Ia","0.1","2"
"PTF09fou",NULL,"351.835662","6.864122","SN Ia","0.195","0"
"PTF09fov",NULL,"64.955615","28.861207","SN Ia","0.052","6"
"PTF09fow",NULL,"330.717103","-21.82567","SN Ia","0.1","1"
"PTF09fox",NULL,"350.19991","32.502277","SN Ia","0.0718","4"
"PTF09foz",NULL,"10.54888","-9.88131","SN Ia","0.05","5"
"PTF09fpl",NULL,"347.727571","18.048072","SN Ia","0.08","1"
"PTF09fpy",NULL,"345.205225","16.340039","SN Ia","0.156","1"
"PTF09fqj",NULL,"21.837927","4.708729","SN Ia","0.08","1"
"PTF09fqk",NULL,"349.900476","7.310815","SN Ia","0.13","1"
"PTF09fqn",NULL,"21.17004","34.31939","SN Ia","0.15","2"
"PTF09fr","2009fb","222.500508","44.918276","SN Ia","0.08","1"
"PTF09fs",NULL,"264.184463","53.670012","SN Ia","0.109","4"
"PTF09fu","2009ff","248.29548","53.091889","SN Ia","0.17","1"
"PTF09fvl",NULL,"48.170937","41.253155","SN Ia","0.13","1"
"PTF09fzy",NULL,"19.402295","3.40585","SN Ia","0.12","1"
"PTF09gce","2009lg","354.707935","28.264941","SN Ia","0.055","2"
"PTF09gck","2009kk","57.434622","-3.264654","SN Ia","0.013","3"
"PTF09gdy","2009mh","175.982434","10.781762","SN Ia","0.02","2"
"PTF09ggb",NULL,"337.701231","14.032707","SN Ia","0.077","1"
"PTF09gjf",NULL,"29.144115","31.447022","SN Ia","0.05","1"
"PTF09gjj",NULL,"342.595533","5.324945","SN Ia","0.06","1"
"PTF09gm","2009fc","231.95246","41.592804","SN Ia","0.082","1"
"PTF09gmg",NULL,"21.610675","-15.765044","SN Ia","0.093","3"
"PTF09gn","2009fd","232.295653","40.794123","SN Ia","0.139","1"
"PTF09gnd",NULL,"342.022075","15.516979","SN Ia","0.1","1"
"PTF09gnm",NULL,"41.881548","-0.052352","SN Ia","0.0855","3"
"PTF09gon",NULL,"340.687629","5.15803","SN Ia","0.07","1"
"PTF09gpu",NULL,"176.352927","68.951986","SN Ia","0.08","1"
"PTF09gqh",NULL,"11.688759","-25.728454","SN Ia","0.1","1"
"PTF09gqo",NULL,"346.695213","8.237617","SN Ia","0.039","1"
"PTF09gqu",NULL,"139.928756","33.810731","SN Ia","0.0226","3"
"PTF09gul",NULL,"22.099583","33.861194","SN Ia","0.072","2"
"PTF09gvo",NULL,"6.016749","17.257436","SN Ia","0.139","2"
"PTF09gxh",NULL,"47.734254","-9.752596","SN Ia","0.15","2"
"PTF09gzj",NULL,"193.755917","53.229196","SN Ia","0.053","3"
"PTF09h","2009bc","120.196928","46.948476","SN Ia","0.121","1"
"PTF09har",NULL,"3.417641","18.378462","SN Ia","0.168","1"
"PTF09hfl",NULL,"53.441579","-3.375105","SN Ia","0.184","2"
"PTF09hhv",NULL,"116.419669","28.296366","SN Ia","0.036","1"
"PTF09hnr",NULL,"356.446644","-29.527121","SN Ia","0.037","1"
"PTF09hpl",NULL,"20.371605","0.108657","SN Ia","0.08","1"
"PTF09hpq","2009ly","10.30292","-9.14806","SN Ia","0.053","1"
"PTF09hql",NULL,"28.872195","13.230737","SN Ia","0.05","1"
"PTF09hqp",NULL,"47.629136","35.084744","SN Ia","0.023","1"
"PTF09huz",NULL,"23.116179","29.609574","SN Ia","0.13","1"
"PTF09hvs",NULL,"11.395343","40.676066","SN Ia","0.12","1"
"PTF09hxw",NULL,"41.505724","33.383237","SN Ia","0.101","1"
"PTF09iaf",NULL,"215.091012","35.233558","SN Ia","0.064","0"
"PTF09iag",NULL,"210.659489","5.747455","SN Ia","0.075","1"
"PTF09ib","2009fh","236.161536","45.797542","SN Ia","0.122","1"
"PTF09idb",NULL,"198.534935","38.276745","SN Ia","0.05","1"
"PTF09idu",NULL,"169.828158","53.617646","SN Ia","0.1067","1"
"PTF09ifh",NULL,"62.64605","27.39214","SN Ia","0.08","1"
"PTF09iga",NULL,"117.26689","32.830588","SN Ia","0.109","1"
"PTF09igt",NULL,"187.279651","5.154288","SN Ia","0.19","1"
"PTF09ilp","2009mz","210.853166","-6.058366","SN Ia","0.008579","5"
"PTF09img",NULL,"124.245047","20.85409","SN Ia","0.12","1"
"PTF09isn",NULL,"188.588792","8.690208","SN Ia","0.101","1"
"PTF09itz",NULL,"177.026887","58.666803","SN Ia","0.115","1"
"PTF09iuz",NULL,"25.05183","29.686894","SN Ia","0.107","1"
"PTF09jw","2009fg","193.598873","56.732591","SN Ia","0.154","1"
"PTF09k","2009cg","186.57435","48.447092","SN Ia","0.187","1"
"PTF09pr",NULL,"223.991635","47.212915","SN Ia","0.031","1"
"PTF09pz",NULL,"266.609912","53.319198","SN Ia","0.09","1"
"PTF09qa",NULL,"238.366362","55.446531","SN Ia","0.18","1"
"PTF09ql",NULL,"244.814014","60.402124","SN Ia","0.16","1"
"PTF09qn",NULL,"238.931937","64.017504","SN Ia","0.0634","1"
"PTF09qs",NULL,"249.604949","65.178135","SN Ia","0.17","1"
"PTF09ri",NULL,"251.35666","63.071836","SN Ia","0.08","1"
"PTF09s","2009bf","181.715268","26.960214","SN Ia","0.05","1"
"PTF09sg",NULL,"203.871082","33.005594","SN Ia","0.0453","1"
"PTF09si",NULL,"241.041463","42.890875","SN Ia","0.038","1"
"PTF09sj","2009fl","246.292163","40.889151","SN Ia","0.03","3"
"PTF09tt",NULL,"214.861231","57.85299","SN Ia","0.15","1"
"PTF09ty",NULL,"233.435491","73.500731","SN Ia","0.14","1"
"PTF09u","2009bi","217.415039","39.159028","SN Ia","0.126","1"
"PTF09up",NULL,"239.382917","67.502122","SN Ia","0.23","1"
"PTF09uu",NULL,"211.943502","74.724451","SN Ia","0.16","1"
"PTF09uv",NULL,"253.318875","75.225695","SN Ia","0.16","1"
"PTF09v","2009bg","201.793929","31.50876","SN Ia","0.119","1"
"PTF09vm",NULL,"223.905979","71.075753","SN Ia","0.12","0"
"PTF09vv",NULL,"263.382136","77.197613","SN Ia","0.1","1"
"PTF09vx",NULL,"213.630935","76.77353","SN Ia","0.0917","0"
"PTF09wa",NULL,"222.667369","32.270088","SN Ia","0.09","1"
"PTF09wn",NULL,"219.20581","24.267435","SN Ia","0.1336","1"
"PTF09wu",NULL,"222.900572","34.981459","SN Ia","0.175","1"
"PTF10aaea",NULL,"351.847586","7.989021","SN Ia","0.16","1"
"PTF10aaey",NULL,"39.654895","22.056594","SN Ia","0.106","2"
"PTF10aagd",NULL,"127.121068","21.12624","SN Ia","0.11","1"
"PTF10aaiw",NULL,"17.338134","15.735881","SN Ia","0.06","3"
"PTF10aaju",NULL,"161.553677","13.647916","SN Ia","0.078","1"
"PTF10aajv",NULL,"147.18434","1.532675","SN Ia","0.0638","1"
"PTF10aav",NULL,"101.702448","80.718004","SN Ia","0.18","1"
"PTF10aawe",NULL,"185.410335","58.501687","SN Ia","0.033","2"
"PTF10aawn",NULL,"33.068495","-6.370481","SN Ia","0.06","1"
"PTF10aayn",NULL,"51.140934","-29.287425","SN Ia","0.11","1"
"PTF10aayx",NULL,"70.783009","-4.726213","SN Ia","0.11","1"
"PTF10abbi",NULL,"42.393472","-3.32859","SN Ia","0.072","1"
"PTF10abhm",NULL,"200.950551","43.30143","SN Ia","0.027","1"
"PTF10abjm",NULL,"23.171613","34.635736","SN Ia","0.04975","2"
"PTF10abjp",NULL,"160.812435","51.554608","SN Ia","0.11","2"
"PTF10abjv",NULL,"22.212466","8.28006","SN Ia","0.076","1"
"PTF10abkt",NULL,"27.729336","12.550092","SN Ia","0.026","1"
"PTF10abnr",NULL,"346.807444","19.105386","SN Ia","0.04","1"
"PTF10abou",NULL,"40.300206","39.453404","SN Ia","0.135","1"
"PTF10abpj",NULL,"38.738819","39.9851","SN Ia","0.151","1"
"PTF10absa",NULL,"41.037782","-0.634833","SN Ia","0.168","1"
"PTF10abtp",NULL,"5.014788","-5.636064","SN Ia","0.148","1"
"PTF10abws",NULL,"133.70957","33.810784","SN Ia","0.125","1"
"PTF10abwy",NULL,"33.670888","15.291992","SN Ia","0.078","1"
"PTF10abwz",NULL,"344.83133","15.273588","SN Ia","0.21","1"
"PTF10abxa",NULL,"53.628552","-27.320655","SN Ia","0.11","1"
"PTF10abyo",NULL,"345.219584","-21.458653","SN Ia","0.145","1"
"PTF10abzt",NULL,"93.39479","-21.53267","SN Ia","0.13","1"
"PTF10accd",NULL,"33.376704","46.693676","SN Ia","0.031","2"
"PTF10accm",NULL,"40.137662","-8.361051","SN Ia","0.13115","1"
"PTF10acdc",NULL,"155.108464","21.479655","SN Ia","0.125","1"
"PTF10acdd",NULL,"172.465701","14.900123","SN Ia","0.1606","1"
"PTF10acdh",NULL,"145.781569","9.658695","SN Ia","0.0595","2"
"PTF10ace",NULL,"184.896751","5.348184","SN Ia","0.102","1"
"PTF10acej",NULL,"171.76738","16.58069","SN Ia","0.08","1"
"PTF10acem",NULL,"132.29571","32.954","SN Ia","0.06","1"
"PTF10acfh",NULL,"179.6085","26.29164","SN Ia","0.11","1"
"PTF10acgk",NULL,"103.36246","34.23517","SN Ia","0.092","1"
"PTF10acnz",NULL,"176.24446","58.66175","SN Ia","0.062","2"
"PTF10acoh",NULL,"171.89621","54.88336","SN Ia","0.1449","1"
"PTF10acqp",NULL,"115.64517","65.39764","SN Ia","0.17","1"
"PTF10acqt",NULL,"228.25258","55.02872","SN Ia","0.1283","1"
"PTF10acqu",NULL,"202.62088","31.84967","SN Ia","0.2","1"
"PTF10acrh",NULL,"165.3995","45.47764","SN Ia","0.14","1"
"PTF10acri",NULL,"137.17829","17.44586","SN Ia","0.109","1"
"PTF10acro",NULL,"11.60017","-0.01208","SN Ia","0.0993","1"
"PTF10acrp",NULL,"24.97863","29.88689","SN Ia","0.16","1"
"PTF10acrx",NULL,"40.07233","40.64306","SN Ia","0.1336","1"
"PTF10acts",NULL,"136.445","17.36694","SN Ia","0.066154","1"
"PTF10acub",NULL,"145.91467","8.89722","SN Ia","0.138","1"
"PTF10ban",NULL,"152.579522","47.318971","SN Ia","0.18","1"
"PTF10bao",NULL,"124.449833","20.704708","SN Ia","0.098","1"
"PTF10bbn",NULL,"227.974416","55.143636","SN Ia","0.115","1"
"PTF10bbo",NULL,"211.3248","8.795191","SN Ia","0.15","1"
"PTF10bch",NULL,"212.488168","7.954059","SN Ia","0.17","1"
"PTF10bci",NULL,"179.202475","56.673317","SN Ia","0.118","1"
"PTF10bdr",NULL,"94.095567","-22.010897","SN Ia","0.1268","1"
"PTF10bfg",NULL,"198.598745","38.367564","SN Ia","0.07","1"
"PTF10bhm",NULL,"155.56664","46.035193","SN Ia","0.15","1"
"PTF10bhw",NULL,"212.479712","8.849363","SN Ia","0.11","1"
"PTF10bhy",NULL,"171.048926","17.586731","SN Ia","0.115","1"
"PTF10bin",NULL,"230.150483","-12.469113","SN Ia","0.105","1"
"PTF10bix",NULL,"240.050941","59.452744","SN Ia","0.079","1"
"PTF10bjg",NULL,"154.392902","46.932662","SN Ia","0.17","1"
"PTF10bji",NULL,"169.828174","14.786049","SN Ia","0.16","1"
"PTF10bjs",NULL,"195.296789","53.81592","SN Ia","0.0296","5"
"PTF10bmr",NULL,"212.873488","-4.546522","SN Ia","0.1447","1"
"PTF10bt","2010B","208.536507","60.680669","SN Ia","0.01","5"
"PTF10bvw",NULL,"175.709915","19.429139","SN Ia","0.082","0"
"PTF10bxs",NULL,"164.685279","32.452411","SN Ia","0.072","1"
"PTF10bym",NULL,"183.101408","13.716577","SN Ia","0.14","1"
"PTF10cko",NULL,"182.814048","13.733754","SN Ia","0.07","1"
"PTF10clw",NULL,"189.544292","14.055123","SN Ia","0.115","1"
"PTF10cmj",NULL,"191.086948","18.274199","SN Ia","0.111","1"
"PTF10cmt",NULL,"196.289673","21.314864","SN Ia","0.18","1"
"PTF10cod",NULL,"225.676528","-1.709486","SN Ia","0.12","1"
"PTF10coh",NULL,"223.964766","-5.686747","SN Ia","0.14","1"
"PTF10cq",NULL,"85.916455","15.397943","SN Ia","0.093","1"
"PTF10cu",NULL,"166.011337","46.07144","SN Ia","0.062","2"
"PTF10cua",NULL,"245.007197","54.407396","SN Ia","0.21","1"
"PTF10cwm",NULL,"188.230866","4.48647","SN Ia","0.08","1"
"PTF10cwp",NULL,"179.661208","-0.560854","SN Ia","0.095","1"
"PTF10cwy",NULL,"230.486908","41.498575","SN Ia","0.066","1"
"PTF10cwz",NULL,"79.86374","5.323052","SN Ia","0.07","1"
"PTF10cxk","2010ai","194.85","27.996528","SN Ia","0.014","2"
"PTF10cza",NULL,"227.030432","54.66902","SN Ia","0.14","2"
"PTF10czb",NULL,"211.611319","9.097462","SN Ia","0.157","1"
"PTF10czc",NULL,"139.601253","49.961429","SN Ia","0.1084","1"
"PTF10czg",NULL,"226.637087","56.193467","SN Ia","0.195","1"
"PTF10dal","2010ax","220.472562","10.75013","SN Ia","0.046","2"
"PTF10ddv",NULL,"125.206622","20.544975","SN Ia","0.115","1"
"PTF10djf",NULL,"181.710087","0.886012","SN Ia","0.12","1"
"PTF10dna",NULL,"253.357796","21.251273","SN Ia","0.031","2"
"PTF10duy",NULL,"209.296115","40.163303","SN Ia","0.079","1"
"PTF10duz",NULL,"192.91459","14.438539","SN Ia","0.06","1"
"PTF10ef",NULL,"29.970895","46.346146","SN Ia","0.12","4"
"PTF10egs",NULL,"146.110901","22.702866","SN Ia","0.1276","1"
"PTF10elk",NULL,"107.97513","49.826899","SN Ia","0.065","1"
"PTF10eov",NULL,"210.402607","5.455502","SN Ia","0.21","2"
"PTF10eqf",NULL,"204.532264","58.30845","SN Ia","0.055","1"
"PTF10esx",NULL,"231.182165","69.308364","SN Ia","0.035","1"
"PTF10fe",NULL,"175.859356","21.344033","SN Ia","0.18","1"
"PTF10feg",NULL,"187.648663","15.794133","SN Ia","0.115","1"
"PTF10fej",NULL,"241.580482","53.921347","SN Ia","0.11","1"
"PTF10fhb",NULL,"154.251248","45.513393","SN Ia","0.103","1"
"PTF10fhu",NULL,"187.037816","18.040412","SN Ia","0.154","1"
"PTF10fhy",NULL,"191.14914","8.757993","SN Ia","0.09","1"
"PTF10fj",NULL,"195.996462","38.199759","SN Ia","0.05","1"
"PTF10fjg",NULL,"190.308115","45.915996","SN Ia","0.077","2"
"PTF10fk",NULL,"126.792474","74.602317","SN Ia","0.18","1"
"PTF10fkk",NULL,"249.903721","34.592313","SN Ia","0.08","1"
"PTF10fln",NULL,"199.238556","63.684727","SN Ia","0.0475","2"
"PTF10fnq",NULL,"183.692237","11.239442","SN Ia","0.13","1"
"PTF10fny",NULL,"193.989851","33.479674","SN Ia","0.128","1"
"PTF10foq",NULL,"197.12931","84.630388","SN Ia","0.01554","1"
"PTF10for",NULL,"223.364784","36.834681","SN Ia","0.0289","2"
"PTF10fph",NULL,"216.032774","36.991484","SN Ia","0.13","2"
"PTF10fps","2010cr","202.35442","11.79625","SN Ia","0.022","9"
"PTF10fqo",NULL,"188.732184","14.029142","SN Ia","0.2","2"
"PTF10ftb",NULL,"209.832294","47.324867","SN Ia","0.06","1"
"PTF10fxe",NULL,"146.290462","22.628896","SN Ia","0.099","1"
"PTF10fxk",NULL,"193.97646","43.413615","SN Ia","0.0584","1"
"PTF10fxl","2010dd","253.198141","51.062464","SN Ia","0.02957","1"
"PTF10fxp",NULL,"205.678345","65.302029","SN Ia","0.1","1"
"PTF10fxq",NULL,"201.558884","34.744115","SN Ia","0.11","1"
"PTF10fxu",NULL,"241.046905","50.017148","SN Ia","0.11","1"
"PTF10fyk",NULL,"232.739818","47.75046","SN Ia","0.0748","1"
"PTF10fyl",NULL,"234.314164","41.982383","SN Ia","0.0546","1"
"PTF10fym",NULL,"230.717845","48.023004","SN Ia","0.074","1"
"PTF10fyo",NULL,"244.62017","51.779869","SN Ia","0.118","1"
"PTF10gbq",NULL,"248.93154","58.74761","SN Ia","0.1","4"
"PTF10gc",NULL,"178.708564","69.685876","SN Ia","0.195","0"
"PTF10gjx",NULL,"186.225701","20.084512","SN Ia","0.076","1"
"PTF10gjy",NULL,"172.026974","14.588189","SN Ia","0.09","1"
"PTF10gkl",NULL,"189.029247","5.668302","SN Ia","0.125","1"
"PTF10glo",NULL,"188.273983","6.556294","SN Ia","0.075","1"
"PTF10gmd",NULL,"179.330783","57.200209","SN Ia","0.06","1"
"PTF10gmg",NULL,"246.24373","51.039313","SN Ia","0.063","1"
"PTF10gmh",NULL,"206.765222","39.133356","SN Ia","0.1","1"
"PTF10gmj",NULL,"250.787871","66.347628","SN Ia","0.082","1"
"PTF10gnj",NULL,"183.674075","10.959208","SN Ia","0.08","1"
"PTF10gnr",NULL,"234.301071","41.070943","SN Ia","0.095","1"
"PTF10goo",NULL,"208.642066","52.279769","SN Ia","0.09","2"
"PTF10gop",NULL,"129.584776","18.118695","SN Ia","0.097","1"
"PTF10goq",NULL,"191.498582","4.824715","SN Ia","0.088","1"
"PTF10got",NULL,"253.881933","45.232375","SN Ia","0.083","1"
"PTF10gpm",NULL,"187.361605","18.925619","SN Ia","0.135","1"
"PTF10gqe",NULL,"257.182779","29.418437","SN Ia","0.1","2"
"PTF10gqi",NULL,"189.948528","59.944781","SN Ia","0.05","2"
"PTF10gsp",NULL,"208.39989","39.97283","SN Ia","0.11","1"
"PTF10gsx",NULL,"209.159695","40.285877","SN Ia","0.31","1"
"PTF10gtf",NULL,"239.574176","62.478973","SN Ia","0.1","1"
"PTF10gtk",NULL,"187.598021","42.768054","SN Ia","0.12","1"
"PTF10gtq",NULL,"189.110508","44.785949","SN Ia","0.2","1"
"PTF10guz",NULL,"192.345025","-6.397576","SN Ia","0.18","1"
"PTF10gvl",NULL,"201.317722","79.832058","SN Ia","0.04","3"
"PTF10gwc",NULL,"230.780917","63.876649","SN Ia","0.105","2"
"PTF10gwe",NULL,"122.261667","55.948063","SN Ia","0.0815","1"
"PTF10gwp",NULL,"210.800188","31.876517","SN Ia","0.17","1"
"PTF10gxt",NULL,"189.98488","-0.23561","SN Ia","0.17","1"
"PTF10gxz",NULL,"177.952552","22.480973","SN Ia","0.116","1"
"PTF10hcu",NULL,"186.754463","9.761946","SN Ia","0.0925","1"
"PTF10hdm",NULL,"190.670993","5.18531","SN Ia","0.165","1"
"PTF10hdn",NULL,"223.10267","47.47644","SN Ia","0.0696","1"
"PTF10hdv",NULL,"181.939051","41.491077","SN Ia","0.054","4"
"PTF10hei",NULL,"189.502768","8.886937","SN Ia","0.101","1"
"PTF10hej",NULL,"226.833286","1.143251","SN Ia","0.13","1"
"PTF10hep",NULL,"252.00079","56.79892","SN Ia","0.18","1"
"PTF10hf",NULL,"74.070122","-9.685565","SN Ia","0.12","1"
"PTF10hi",NULL,"74.505027","-0.251142","SN Ia","0.18","1"
"PTF10hjw",NULL,"193.075","-7.01856","SN Ia","0.035","1"
"PTF10hky",NULL,"188.75538","14.70667","SN Ia","0.123","1"
"PTF10hld",NULL,"234.86375","50.09719","SN Ia","0.0378","1"
"PTF10hmc",NULL,"248.19088","35.06878","SN Ia","0.073","1"
"PTF10hmd",NULL,"218.07983","35.27156","SN Ia","0.17","1"
"PTF10hml",NULL,"199.95704","41.98378","SN Ia","0.054","1"
"PTF10hmo",NULL,"249.82296","33.555","SN Ia","0.158","1"
"PTF10hmu",NULL,"260.77933","31.98617","SN Ia","0.169","1"
"PTF10hmv","2010dm","182.888792","47.27475","SN Ia","0.032","3"
"PTF10hne",NULL,"261.91179","40.64806","SN Ia","0.1","2"
"PTF10hnu",NULL,"220.710347","43.177149","SN Ia","0.22","1"
"PTF10hoe",NULL,"194.903388","39.317586","SN Ia","0.053","1"
"PTF10hoz",NULL,"251.21953","52.61716","SN Ia","0.06","1"
"PTF10hpp",NULL,"229.606196","73.121803","SN Ia","0.13","1"
"PTF10hpy",NULL,"211.475739","57.597657","SN Ia","0.107","1"
"PTF10hrw",NULL,"266.06446","52.149411","SN Ia","0.0487","1"
"PTF10htz",NULL,"197.156344","79.787007","SN Ia","0.0352","7"
"PTF10hyv",NULL,"250.178102","53.999834","SN Ia","0.09","1"
"PTF10iah",NULL,"194.129234","61.435313","SN Ia","0.1","1"
"PTF10icb",NULL,"193.705042","58.881858","SN Ia","0.0086","10"
"PTF10ieb",NULL,"257.970037","43.61584","SN Ia","0.13","2"
"PTF10ifj",NULL,"214.84139","34.353973","SN Ia","0.0761","1"
"PTF10ijq",NULL,"195.096109","36.037407","SN Ia","0.165","1"
"PTF10ijv","2010eo","207.690716","19.438026","SN Ia","0.07","1"
"PTF10inf","2010dt","250.812766","32.67438","SN Ia","0.05","1"
"PTF10iu",NULL,"213.977301","53.698052","SN Ia","0.185","1"
"PTF10iuf",NULL,"241.56442","33.87039","SN Ia","0.1586","8"
"PTF10ivt",NULL,"248.95279","67.698068","SN Ia","0.138","2"
"PTF10iyc",NULL,"257.340942","44.393306","SN Ia","0.055","2"
"PTF10iye",NULL,"255.697389","45.0304","SN Ia","0.19","1"
"PTF10izy",NULL,"198.723542","30.421626","SN Ia","0.072","1"
"PTF10jab",NULL,"256.993628","21.047536","SN Ia","0.187","2"
"PTF10jaq",NULL,"236.692151","50.170792","SN Ia","0.18","0"
"PTF10jcg",NULL,"237.984546","48.472415","SN Ia","0.16","0"
"PTF10jd",NULL,"178.974647","-18.558468","SN Ia","0.12","1"
"PTF10jdw",NULL,"235.50131","47.593877","SN Ia","0.076623","3"
"PTF10jh",NULL,"187.603335","-6.837608","SN Ia","0.038","1"
"PTF10jkh",NULL,"206.579068","37.114138","SN Ia","0.046","1"
"PTF10jko",NULL,"192.262682","34.436763","SN Ia","0.12","1"
"PTF10jpv",NULL,"232.837704","55.462091","SN Ia","0.014","0"
"PTF10jqz",NULL,"186.956547","10.706562","SN Ia","0.12","1"
"PTF10jrs",NULL,"205.517872","44.37554","SN Ia","0.225","1"
"PTF10jsb",NULL,"260.417171","29.32826","SN Ia","0.24","1"
"PTF10jtp",NULL,"257.74362","39.474521","SN Ia","0.067","2"
"PTF10jur",NULL,"242.353486","36.719965","SN Ia","0.2","1"
"PTF10jvy",NULL,"214.401771","56.360526","SN Ia","0.073","2"
"PTF10jwq",NULL,"226.767071","37.217725","SN Ia","0.122","3"
"PTF10jwx",NULL,"205.663736","56.462321","SN Ia","0.0677","1"
"PTF10jxa",NULL,"167.05208","40.679901","SN Ia","0.0737","1"
"PTF10jxf",NULL,"211.387055","38.653978","SN Ia","0.159","1"
"PTF10kdg",NULL,"199.307086","44.144293","SN Ia","0.062","2"
"PTF10kee",NULL,"265.791841","62.957351","SN Ia","0.09","2"
"PTF10kiw",NULL,"221.575348","47.207284","SN Ia","0.069","1"
"PTF10kwx",NULL,"254.525666","63.340841","SN Ia","0.0954","1"
"PTF10kzf",NULL,"254.407916","55.044747","SN Ia","0.113","4"
"PTF10lb",NULL,"143.816518","9.751732","SN Ia","0.139","1"
"PTF10lee",NULL,"356.64309","27.396122","SN Ia","0.123","1"
"PTF10lif",NULL,"213.688696","80.432482","SN Ia","0.042","1"
"PTF10lot","2010gb","234.665557","41.005522","SN Ia","0.025","4"
"PTF10lxp",NULL,"215.986675","55.729092","SN Ia","0.088","1"
"PTF10lya",NULL,"355.381941","14.123651","SN Ia","0.064","2"
"PTF10mbk",NULL,"214.269957","71.789873","SN Ia","0.065","1"
"PTF10mla",NULL,"328.064867","11.34763","SN Ia","0.07034","1"
"PTF10mtd",NULL,"210.498432","4.984788","SN Ia","0.079","3"
"PTF10mwb","2010gn","259.458223","40.881129","SN Ia","0.03","10"
"PTF10nax",NULL,"206.682182","45.69533","SN Ia","0.065","0"
"PTF10nc",NULL,"87.107523","68.116385","SN Ia","0.12","1"
"PTF10nct",NULL,"220.294238","58.407255","SN Ia","0.0521","0"
"PTF10ncu",NULL,"267.254674","68.105142","SN Ia","0.07","2"
"PTF10ncy",NULL,"252.584097","46.968617","SN Ia","0.13","1"
"PTF10ncz",NULL,"234.143291","60.741352","SN Ia","0.17","1"
"PTF10nda",NULL,"209.290535","61.252525","SN Ia","0.1","1"
"PTF10ndc",NULL,"259.959072","28.699295","SN Ia","0.0818","3"
"PTF10ndh",NULL,"213.191601","66.888535","SN Ia","0.19","1"
"PTF10ndi",NULL,"262.041452","37.440103","SN Ia","0.164","2"
"PTF10ndn",NULL,"242.554694","9.00911","SN Ia","0.1","1"
"PTF10ndo",NULL,"231.102058","2.307892","SN Ia","0.0827","1"
"PTF10ndw",NULL,"49.679004","42.299629","SN Ia","0.0192","1"
"PTF10net",NULL,"246.721767","55.53058","SN Ia","0.14","0"
"PTF10ng",NULL,"184.779084","64.681618","SN Ia","0.179","1"
"PTF10nhu",NULL,"243.725604","29.970584","SN Ia","0.153","2"
"PTF10nkc",NULL,"244.420864","35.566226","SN Ia","0.173","0"
"PTF10nkd",NULL,"236.339622","52.230197","SN Ia","0.069","2"
"PTF10nkt",NULL,"224.035693","51.257995","SN Ia","0.13","0"
"PTF10nlg",NULL,"252.643662","60.276376","SN Ia","0.05","6"
"PTF10nlp",NULL,"214.491304","23.827756","SN Ia","0.179","2"
"PTF10nmm",NULL,"208.356811","43.295569","SN Ia","0.18","0"
"PTF10nnh",NULL,"232.305246","40.650674","SN Ia","0.15","1"
"PTF10nno",NULL,"258.443566","58.32734","SN Ia","0.13","0"
"PTF10not",NULL,"346.523514","-7.268367","SN Ia","0.12","2"
"PTF10nuz",NULL,"222.859816","23.058354","SN Ia","0.13","1"
"PTF10nvh",NULL,"323.009772","8.993253","SN Ia","0.068","1"
"PTF10nyt",NULL,"316.149299","-4.047019","SN Ia","0.109","1"
"PTF10oip",NULL,"247.420459","21.664806","SN Ia","0.1473","0"
"PTF10oiq",NULL,"36.397515","-5.854891","SN Ia","0.045","1"
"PTF10oir",NULL,"339.051354","16.252851","SN Ia","0.14","2"
"PTF10ois",NULL,"341.351356","5.205024","SN Ia","0.174","5"
"PTF10oiv",NULL,"227.570402","10.887279","SN Ia","0.046","1"
"PTF10oix",NULL,"227.32029","42.08897","SN Ia","0.2","1"
"PTF10ol",NULL,"29.202396","-5.485405","SN Ia","0.098","2"
"PTF10one",NULL,"26.882542","35.898292","SN Ia","0.1","2"
"PTF10opn",NULL,"212.4457","52.432832","SN Ia","0.144","1"
"PTF10opo",NULL,"231.915679","46.148585","SN Ia","0.216","1"
"PTF10opq",NULL,"334.593673","7.332157","SN Ia","0.144","1"
"PTF10ops",NULL,"326.889861","5.858411","SN Ia","0.06","12"
"PTF10otc",NULL,"254.818234","68.18205","SN Ia","0.054","2"
"PTF10oth",NULL,"219.029005","55.721091","SN Ia","0.1455","1"
"PTF10oum",NULL,"357.336768","15.287754","SN Ia","0.111","1"
"PTF10oun",NULL,"241.280415","32.064524","SN Ia","0.1159","1"
"PTF10ozy",NULL,"222.211722","57.768715","SN Ia","0.0436","3"
"PTF10pcb",NULL,"245.525255","41.998353","SN Ia","0.1363","1"
"PTF10pcc",NULL,"257.286421","20.930621","SN Ia","0.19","1"
"PTF10pcd",NULL,"248.082662","8.032251","SN Ia","0.1251","2"
"PTF10pcr",NULL,"223.569018","45.426662","SN Ia","0.2","1"
"PTF10pdf",NULL,"201.12908","42.08897","SN Ia","0.0757","5"
"PTF10pdh",NULL,"252.881","44.39169","SN Ia","0.134","1"
"PTF10pko",NULL,"265.674366","47.384203","SN Ia","0.146","1"
"PTF10ppi",NULL,"261.070511","46.488357","SN Ia","0.167","1"
"PTF10psj",NULL,"2.86979","25.60344","SN Ia","0.11","2"
"PTF10pv",NULL,"106.542117","50.552156","SN Ia","0.09","0"
"PTF10pvg",NULL,"261.48558","52.44662","SN Ia","0.1","1"
"PTF10pvh",NULL,"246.189241","54.490458","SN Ia","0.105","1"
"PTF10pvi",NULL,"330.509672","14.536219","SN Ia","0.0803","2"
"PTF10px",NULL,"199.437673","-15.501856","SN Ia","0.04","1"
"PTF10pxj","2010gl","247.911579","59.623864","SN Ia","0.019","7"
"PTF10qfo",NULL,"225.849508","68.457759","SN Ia","0.078","4"
"PTF10qhp",NULL,"245.267787","21.340969","SN Ia","0.032","1"
"PTF10qht",NULL,"236.785311","35.660435","SN Ia","0.08","1"
"PTF10qjl",NULL,"249.997195","12.107072","SN Ia","0.057","7"
"PTF10qjq",NULL,"256.801641","35.509794","SN Ia","0.0289","6"
"PTF10qkf",NULL,"348.595971","10.754772","SN Ia","0.081","2"
"PTF10qku",NULL,"226.581392","1.366033","SN Ia","0.1198","2"
"PTF10qkv",NULL,"257.971045","27.372085","SN Ia","0.061","2"
"PTF10qky",NULL,"334.456103","5.425142","SN Ia","0.075","2"
"PTF10qly",NULL,"357.689804","17.344266","SN Ia","0.0849","1"
"PTF10qna",NULL,"11.961771","-25.965653","SN Ia","0.1","2"
"PTF10qnk",NULL,"316.58142","-8.67089","SN Ia","0.08","2"
"PTF10qnn",NULL,"212.20775","55.48161","SN Ia","0.08","2"
"PTF10qny",NULL,"242.380442","22.336256","SN Ia","0.033","4"
"PTF10qnz",NULL,"10.70258","18.71822","SN Ia","0.06","2"
"PTF10qoj",NULL,"257.08746","18.84775","SN Ia","0.11","2"
"PTF10qok",NULL,"227.64233","1.03114","SN Ia","0.072","3"
"PTF10qpb",NULL,"358.72804","-1.67206","SN Ia","0.0815","2"
"PTF10qqt",NULL,"324.902","4.434","SN Ia","0.11","2"
"PTF10qqw",NULL,"26.3009","30.67039","SN Ia","0.108","1"
"PTF10qrj",NULL,"20.70179","-1.80611","SN Ia","0.14","2"
"PTF10qsc",NULL,"323.58838","-5.06233","SN Ia","0.088","6"
"PTF10qtb",NULL,"323.070839","-4.747491","SN Ia","0.11","1"
"PTF10qwg",NULL,"40.541163","2.44791","SN Ia","0.071","2"
"PTF10qwm",NULL,"330.709106","8.393968","SN Ia","0.101","5"
"PTF10qyn",NULL,"341.312169","-11.020425","SN Ia","0.151","1"
"PTF10qyq",NULL,"6.246494","19.561982","SN Ia","0.16","1"
"PTF10qyr",NULL,"341.375611","23.381483","SN Ia","0.05","1"
"PTF10qyx","2010gy","36.800239","-4.534664","SN Ia","0.063","4"
"PTF10rab",NULL,"26.780889","-0.049847","SN Ia","0.0841","3"
"PTF10ran",NULL,"355.105084","18.9182","SN Ia","0.16","1"
"PTF10rbc",NULL,"347.2307","3.999904","SN Ia","0.09","1"
"PTF10rbp",NULL,"19.158591","-1.823221","SN Ia","0.079","1"
"PTF10rc",NULL,"184.856784","46.460484","SN Ia","0.168","1"
"PTF10rcf",NULL,"212.207675","23.862014","SN Ia","0.0572","1"
"PTF10rcg",NULL,"251.011657","17.641371","SN Ia","0.08","3"
"PTF10rct",NULL,"32.949104","13.15326","SN Ia","0.076","1"
"PTF10rgn",NULL,"25.417783","30.824125","SN Ia","0.093","1"
"PTF10rhi",NULL,"357.432385","13.042575","SN Ia","0.0849","1"
"PTF10rhw",NULL,"239.608586","17.783337","SN Ia","0.1371","1"
"PTF10rka",NULL,"237.762022","26.636881","SN Ia","0.07","1"
"PTF10rks",NULL,"312.618363","-4.05204","SN Ia","0.058","2"
"PTF10rlq",NULL,"343.493004","18.427633","SN Ia","0.1","1"
"PTF10rpc",NULL,"260.206182","44.13073","SN Ia","0.11","1"
"PTF10rpg",NULL,"353.666505","27.330744","SN Ia","0.03","1"
"PTF10rpt",NULL,"1.109148","28.291037","SN Ia","0.103","1"
"PTF10sck",NULL,"0.435698","28.968472","SN Ia","0.118","1"
"PTF10slu",NULL,"342.447903","3.332846","SN Ia","0.105","1"
"PTF10sm",NULL,"201.088803","13.262636","SN Ia","0.094","1"
"PTF10stg","2010hu","350.555388","-5.318735","SN Ia","0.08","1"
"PTF10sto",NULL,"255.609392","35.305746","SN Ia","0.0979","1"
"PTF10stw",NULL,"11.734241","24.757611","SN Ia","0.043","2"
"PTF10tce","2010ho","349.793159","9.198398","SN Ia","0.041","6"
"PTF10tfs",NULL,"28.858433","12.494","SN Ia","0.18","1"
"PTF10tkh",NULL,"219.01614","24.042225","SN Ia","0.14","1"
"PTF10tky",NULL,"254.744798","34.140777","SN Ia","0.11","1"
"PTF10tly","2010hk","54.469112","4.947867","SN Ia","0.03","3"
"PTF10tpw",NULL,"343.520508","-13.03155","SN Ia","0.111","1"
"PTF10tqy",NULL,"10.672998","24.754005","SN Ia","0.05","3"
"PTF10trp",NULL,"322.033267","9.853661","SN Ia","0.049","2"
"PTF10trr",NULL,"3.268001","-14.816028","SN Ia","0.12","2"
"PTF10trs",NULL,"3.835996","17.533161","SN Ia","0.07","5"
"PTF10trt",NULL,"314.988614","1.221502","SN Ia","0.21","1"
"PTF10trw",NULL,"335.088035","-2.501728","SN Ia","0.17","1"
"PTF10tte",NULL,"260.97117","22.242592","SN Ia","0.21","1"
"PTF10tum",NULL,"33.655245","9.53019","SN Ia","0.06","1"
"PTF10twd",NULL,"345.059342","20.799944","SN Ia","0.07","1"
"PTF10txl",NULL,"252.492057","21.057871","SN Ia","0.18","1"
"PTF10ubc",NULL,"10.504041","20.675808","SN Ia","0.1","1"
"PTF10ubm",NULL,"0.497006","21.824952","SN Ia","0.07","2"
"PTF10uca",NULL,"6.130982","12.500956","SN Ia","0.2","1"
"PTF10ucg",NULL,"359.933556","21.866523","SN Ia","0.169","1"
"PTF10uch",NULL,"338.191106","5.340514","SN Ia","0.13","1"
"PTF10ucj",NULL,"34.690772","29.17291","SN Ia","0.11","1"
"PTF10uck",NULL,"45.636187","13.679141","SN Ia","0.13","1"
"PTF10ucl",NULL,"331.520229","15.509576","SN Ia","0.08","1"
"PTF10ucu",NULL,"248.776473","31.0323","SN Ia","0.098","1"
"PTF10ucv",NULL,"255.137694","44.132275","SN Ia","0.22","1"
"PTF10udc",NULL,"319.90318","-4.120142","SN Ia","0.134","1"
"PTF10uff",NULL,"262.00576","19.125323","SN Ia","0.19","1"
"PTF10ufh",NULL,"324.632985","6.130555","SN Ia","0.2","1"
"PTF10ufj","2010hs","36.413039","24.764767","SN Ia","0.07","7"
"PTF10uic",NULL,"328.517508","8.444295","SN Ia","0.13","1"
"PTF10ujl",NULL,"7.366911","15.547697","SN Ia","0.11","1"
"PTF10ujn",NULL,"118.307171","72.337073","SN Iax[02cx-like]","0.12","3"
"PTF10ujt",NULL,"27.393102","-8.800696","SN Ia","0.14","1"
"PTF10ulk",NULL,"325.161099","-11.232188","SN Ia","0.19","1"
"PTF10ums",NULL,"15.180298","0.025516","SN Ia","0.2","1"
"PTF10umw",NULL,"331.351364","-9.715602","SN Ia","0.07","3"
"PTF10umy",NULL,"9.87588","-9.038942","SN Ia","0.08","1"
"PTF10urj",NULL,"11.938135","39.744409","SN Ia","0.105","1"
"PTF10urn",NULL,"9.850758","19.229248","SN Ia","0.11","1"
"PTF10uzi",NULL,"67.592819","-3.27961","SN Ia","0.12","1"
"PTF10vb",NULL,"181.817085","2.191365","SN Ia","0.226","1"
"PTF10vfo",NULL,"18.77779","24.60494","SN Ia","0.0885","4"
"PTF10vh",NULL,"183.07922","1.269407","SN Ia","0.079","1"
"PTF10vhz",NULL,"11.52754","5.35006","SN Ia","0.12","3"
"PTF10vi",NULL,"161.789406","13.715226","SN Ia","0.2085","1"
"PTF10viq","2010ij","335.083189","17.056174","SN Ia","0.031","1"
"PTF10vnj",NULL,"327.249247","-10.544209","SN Ia","0.077","1"
"PTF10vnu",NULL,"17.763997","0.440954","SN Ia","0.05","1"
"PTF10vqx",NULL,"67.230261","-4.369738","SN Ia","0.11","1"
"PTF10vty",NULL,"264.712017","56.669643","SN Ia","0.082","1"
"PTF10vye",NULL,"262.518635","40.58092","SN Ia","0.046","2"
"PTF10vyl",NULL,"357.782353","-3.592515","SN Ia","0.1","1"
"PTF10vyv",NULL,"25.004498","-8.045148","SN Ia","0.074","1"
"PTF10vzj",NULL,"61.97456","-2.543135","SN Ia","0.0308","1"
"PTF10vzt",NULL,"51.769133","-6.595029","SN Ia","0.145","5"
"PTF10w",NULL,"175.73068","58.326165","SN Ia","0.12","0"
"PTF10wbb",NULL,"31.958074","-6.536909","SN Ia","0.044","1"
"PTF10whg",NULL,"235.966505","35.157692","SN Ia","0.071","1"
"PTF10wix",NULL,"340.958164","-2.601745","SN Ia","0.066","0"
"PTF10wjy",NULL,"54.938359","-4.444334","SN Ia","0.0446","1"
"PTF10wlw",NULL,"246.222288","18.382906","SN Ia","0.037","1"
"PTF10wml",NULL,"134.543797","52.183554","SN Ia","0.031419","1"
"PTF10wmm",NULL,"133.186678","53.309516","SN Ia","0.094","1"
"PTF10wnm",NULL,"5.515038","27.040625","SN Ia","0.0656","5"
"PTF10wnq",NULL,"12.290926","32.138739","SN Ia","0.07","3"
"PTF10wnt",NULL,"25.541695","-8.794204","SN Ia","0.074","1"
"PTF10woa",NULL,"143.92054","23.318368","SN Ia","0.057","1"
"PTF10wof",NULL,"353.174348","15.358807","SN Ia","0.0527","6"
"PTF10wor",NULL,"338.173332","-9.465761","SN Ia","0.06","1"
"PTF10wos",NULL,"326.164227","-5.423635","SN Ia","0.08","3"
"PTF10wov",NULL,"7.50258","20.958405","SN Ia","0.096","1"
"PTF10wpx",NULL,"329.776987","21.038799","SN Ia","0.145","1"
"PTF10wri",NULL,"351.097972","27.179114","SN Ia","0.12","1"
"PTF10wrm",NULL,"342.619715","8.822475","SN Ia","0.06","1"
"PTF10wxp",NULL,"252.525629","35.443177","SN Ia","0.06","1"
"PTF10wyq",NULL,"19.603698","19.446167","SN Ia","0.08","1"
"PTF10xcd",NULL,"34.077246","12.538814","SN Ia","0.137","1"
"PTF10xea",NULL,"337.267806","14.072345","SN Ia","0.19","1"
"PTF10xeb",NULL,"341.598944","10.428984","SN Ia","0.122","1"
"PTF10xel",NULL,"337.207785","34.723126","SN Ia","0.152","1"
"PTF10xes",NULL,"4.128318","2.613483","SN Ia","0.16","1"
"PTF10xfk",NULL,"27.917957","23.466523","SN Ia","0.08","1"
"PTF10xfn",NULL,"353.915532","1.015352","SN Ia","0.087","1"
"PTF10xfv",NULL,"336.812383","2.376617","SN Ia","0.12","1"
"PTF10xgb",NULL,"252.922973","26.304129","SN Ia","0.098","1"
"PTF10xgc",NULL,"251.874501","24.342907","SN Ia","0.05","1"
"PTF10xgp",NULL,"64.209589","1.860887","SN Ia","0.166","1"
"PTF10xgx",NULL,"3.096456","2.512239","SN Ia","0.142","4"
"PTF10xhs",NULL,"0.773039","12.134023","SN Ia","0.203","1"
"PTF10xij",NULL,"55.998248","-17.988453","SN Ia","0.104","1"
"PTF10xir","2010ip","52.451834","6.548766","SN Ia","0.05","1"
"PTF10xjm",NULL,"31.070661","3.978699","SN Ia","0.158","1"
"PTF10xjy",NULL,"356.603816","22.815101","SN Ia","0.118","1"
"PTF10xk",NULL,"25.26192","30.227416","SN Ia","0.08","2"
"PTF10xkb",NULL,"39.34659","11.039748","SN Ia","0.12","1"
"PTF10xku",NULL,"27.768968","36.801979","SN Ia","0.219","2"
"PTF10xmc",NULL,"13.544509","32.226028","SN Ia","0.09","1"
"PTF10xsk",NULL,"340.964302","22.48939","SN Ia","0.11","1"
"PTF10xtp",NULL,"32.287216","23.538065","SN Ia","0.098","1"
"PTF10xtu",NULL,"16.703217","27.534368","SN Ia","0.11","1"
"PTF10xua",NULL,"124.654351","22.336829","SN Ia","0.09","1"
"PTF10xup",NULL,"154.730369","45.395368","SN Ia","0.06","1"
"PTF10xvh",NULL,"67.217187","-9.377474","SN Ia","0.106","1"
"PTF10xwg",NULL,"65.809424","-5.097167","SN Ia","0.093","3"
"PTF10xxw",NULL,"250.248784","58.527936","SN Ia","0.14","1"
"PTF10xy",NULL,"74.55457","-8.332847","SN Ia","0.15","1"
"PTF10xya",NULL,"258.818876","57.270393","SN Ia","0.025","2"
"PTF10xyl",NULL,"5.103588","5.701597","SN Ia","0.056","2"
"PTF10xyt",NULL,"349.760103","13.79078","SN Ia","0.049","6"
"PTF10xyy",NULL,"71.481883","-8.745748","SN Ia","0.14","1"
"PTF10yad",NULL,"343.069677","4.185142","SN Ia","0.14","1"
"PTF10ycq",NULL,"146.515832","2.748232","SN Ia","0.061","2"
"PTF10ydz",NULL,"42.617079","15.700262","SN Ia","0.12","1"
"PTF10yer",NULL,"322.255983","-1.430086","SN Ia","0.05","2"
"PTF10ygh",NULL,"355.759762","25.353894","SN Ia","0.148","1"
"PTF10ygr",NULL,"8.032335","20.756057","SN Ia","0.115","2"
"PTF10ygu","2010jn","144.376216","23.159157","SN Ia","0.025047","18"
"PTF10yhj",NULL,"322.855487","3.662179","SN Ia","0.14","1"
"PTF10yiu",NULL,"66.79718","-9.928962","SN Ia","0.1016","2"
"PTF10yiv",NULL,"66.933672","-10.435635","SN Ia","0.1125","2"
"PTF10ykf",NULL,"0.316684","16.537996","SN Ia","0.15","1"
"PTF10ymy",NULL,"261.936274","26.894641","SN Ia","0.019","1"
"PTF10yrd",NULL,"45.117852","14.855933","SN Ia","0.0715","1"
"PTF10yrn",NULL,"3.218562","20.667951","SN Ia","0.095","2"
"PTF10yux",NULL,"351.05579","7.228525","SN Ia","0.04","5"
"PTF10yxj",NULL,"7.366972","15.284835","SN Ia","0.143","3"
"PTF10yyk",NULL,"327.763254","20.993494","SN Ia","0.18","1"
"PTF10yyt",NULL,"53.620803","-4.496819","SN Ia","0.035","2"
"PTF10yzu",NULL,"336.797994","14.916548","SN Ia","0.1","2"
"PTF10zai",NULL,"197.671794","44.022513","SN Ia","0.0357","2"
"PTF10zak",NULL,"155.198745","46.771766","SN Ia","0.04","4"
"PTF10zau",NULL,"119.261629","54.981009","SN Ia","0.073","3"
"PTF10zba",NULL,"154.608255","46.394061","SN Ia","0.15","1"
"PTF10zbe",NULL,"120.479194","55.130544","SN Ia","0.04677","1"
"PTF10zbf",NULL,"130.12655","73.769333","SN Ia","0.13","2"
"PTF10zbk",NULL,"37.393757","22.333575","SN Ia","0.064","2"
"PTF10zbn",NULL,"22.561969","29.678473","SN Ia","0.114","1"
"PTF10zcd",NULL,"17.137369","16.502957","SN Ia","0.132","3"
"PTF10zdk",NULL,"33.530525","23.630602","SN Ia","0.034","6"
"PTF10zdq",NULL,"27.478711","21.033048","SN Ia","0.16","4"
"PTF10zej","2010li","31.760443","20.853715","SN Ia","0.04","3"
"PTF10zgo",NULL,"359.027894","17.595244","SN Ia","0.056","1"
"PTF10zgq",NULL,"320.236411","4.016379","SN Ia","0.038","2"
"PTF10zgy",NULL,"39.682651","14.104288","SN Ia","0.04","2"
"PTF10zhi",NULL,"23.101224","21.455835","SN Ia","0.13","1"
"PTF11aad",NULL,"138.041","61.70239","SN Ia","0.11","1"
"PTF11abm",NULL,"147.82358","68.56367","SN Ia","0.12","1"
"PTF11ael",NULL,"202.06433","48.45239","SN Ia","0.0762","2"
"PTF11aen",NULL,"221.761324","3.748244","SN Ia","0.158","1"
"PTF11aff",NULL,"118.67229","27.34925","SN Ia","0.19","1"
"PTF11agk",NULL,"169.408964","13.356594","SN Ia","0.147","1"
"PTF11ai",NULL,"194.95079","22.40336","SN Ia","0.09","1"
"PTF11aif",NULL,"30.56238","32.82675","SN Ia","0.138","4"
"PTF11aig",NULL,"121.88042","16.45256","SN Ia","0.2","1"
"PTF11aii",NULL,"166.32933","46.22981","SN Ia","0.12","1"
"PTF11aik",NULL,"122.262","57.32114","SN Ia","0.162","1"
"PTF11aki",NULL,"118.07767","26.461","SN Ia","0.13","3"
"PTF11alg",NULL,"42.36317","40.28875","SN Ia","0.15","3"
"PTF11alo","2011Z","202.6795","-20.954","SN Ia","0.018","2"
"PTF11ao",NULL,"119.99046","33.30081","SN Ia","0.1085","2"
"PTF11ap",NULL,"175.53525","10.45686","SN Ia","0.08","1"
"PTF11apk",NULL,"155.256966","21.716763","SN Ia","0.0405","2"
"PTF11apq",NULL,"163.593233","33.16404","SN Ia","0.0724","1"
"PTF11aqh",NULL,"173.860774","39.77026","SN Ia","0.16","1"
"PTF11aqo",NULL,"90.013768","-17.700475","SN Ia","0.15","1"
"PTF11aqu",NULL,"169.209234","54.731473","SN Ia","0.045","1"
"PTF11arg",NULL,"173.589582","-13.370203","SN Ia","0.11","1"
"PTF11arw",NULL,"146.639632","44.335729","SN Ia","0.18","1"
"PTF11asf",NULL,"171.270478","-3.854142","SN Ia","0.097","2"
"PTF11atu",NULL,"232.81238","-0.779528","SN Ia","0.084","1"
"PTF11auf",NULL,"199.082329","46.921551","SN Ia","0.155","0"
"PTF11auy",NULL,"184.853056","75.642999","SN Ia","0.11","2"
"PTF11avn",NULL,"67.842793","-4.134816","SN Ia","0.079","0"
"PTF11ayu",NULL,"223.196622","21.323895","SN Ia","0.102","1"
"PTF11azo",NULL,"224.780358","2.945866","SN Ia","0.18","1"
"PTF11azt",NULL,"180.505663","25.199177","SN Ia","0.196","1"
"PTF11bas",NULL,"199.199733","43.520353","SN Ia","0.085","3"
"PTF11be","2011K","71.3766","-7.34815","SN Ia","0.015","2"
"PTF11bgb",NULL,"182.542985","64.182053","SN Ia","0.09","1"
"PTF11bge",NULL,"184.796861","18.514016","SN Ia","0.085","1"
"PTF11bgj",NULL,"188.908834","6.507554","SN Ia","0.15","2"
"PTF11bgv",NULL,"257.297771","28.606396","SN Ia","0.035","1"
"PTF11biv",NULL,"257.141268","22.071096","SN Ia","0.048","1"
"PTF11bjk",NULL,"245.912681","40.537663","SN Ia","0.14","1"
"PTF11bju","2011bg","179.059813","25.354025","SN Ia","0.0323","3"
"PTF11bkc",NULL,"237.15158","35.68617","SN Ia","0.0633","2"
"PTF11bkd","2011bk","245.145098","21.202302","SN Ia","0.03279","1"
"PTF11bkf",NULL,"215.380643","23.94813","SN Ia","0.05","2"
"PTF11blu",NULL,"189.72743","56.385541","SN Ia","0.068","1"
"PTF11bly",NULL,"214.227824","40.717505","SN Ia","0.09","1"
"PTF11bmc",NULL,"207.023211","24.813459","SN Ia","0.14","1"
"PTF11bmo","2011ai","217.270768","41.911765","SN Ia","0.0316","1"
"PTF11bnb",NULL,"262.020549","31.497951","SN Ia","0.04","1"
"PTF11bnf",NULL,"241.186769","49.457828","SN Ia","0.024","1"
"PTF11bnw",NULL,"178.038916","55.481711","SN Ia","0.18","1"
"PTF11bnx",NULL,"247.58051","21.085354","SN Ia","0.06","3"
"PTF11bof",NULL,"238.26971","20.635976","SN Ia","0.026","1"
"PTF11bop",NULL,"225.761224","31.531795","SN Ia","0.11","1"
"PTF11bpw",NULL,"185.437599","12.257945","SN Ia","0.047","2"
"PTF11bqc",NULL,"144.290928","23.009393","SN Ia","0.081","1"
"PTF11bui",NULL,"198.234982","47.45346","SN Ia","0.02846","12"
"PTF11bup",NULL,"146.682233","21.588913","SN Ia","0.089","1"
"PTF11byi",NULL,"185.437599","12.257945","SN Ia","0.047","2"
"PTF11cao",NULL,"244.699836","25.187909","SN Ia","0.04","2"
"PTF11caz",NULL,"235.942917","37.312333","SN Ia","0.192","1"
"PTF11cbq",NULL,"234.787141","34.600828","SN Ia","0.12","1"
"PTF11cdo",NULL,"246.397588","33.533769","SN Ia","0.146","1"
"PTF11cey",NULL,"250.239112","23.128902","SN Ia","0.13","1"
"PTF11cfm",NULL,"258.928227","21.940996","SN Ia","0.088","1"
"PTF11cfr",NULL,"127.671573","18.087","SN Ia","0.09","1"
"PTF11cji",NULL,"191.142839","7.623985","SN Ia","0.088","1"
"PTF11cmg",NULL,"169.883042","54.563393","SN Ia","0.1","1"
"PTF11cml",NULL,"185.13769","46.666092","SN Ia","0.132","1"
"PTF11cmp",NULL,"168.583834","52.81221","SN Ia","0.114","1"
"PTF11cmv",NULL,"186.835816","12.971842","SN Ia","0.128","1"
"PTF11cmw",NULL,"179.742227","56.188625","SN Ia","0.06","2"
"PTF11cnc",NULL,"189.755191","8.839848","SN Ia","0.071","1"
"PTF11cnx",NULL,"209.212824","20.891691","SN Ia","0.14","1"
"PTF11crr",NULL,"213.165934","7.982649","SN Ia","0.13","1"
"PTF11ctn",NULL,"211.722367","40.220537","SN Ia","0.079","1"
"PTF11cus",NULL,"202.954047","40.634057","SN Ia","0.2","1"
"PTF11cve",NULL,"193.376714","-10.033319","SN Ia","0.12","1"
"PTF11cxs",NULL,"219.399062","24.258067","SN Ia","0.12","1"
"PTF11cyp",NULL,"197.153951","21.605536","SN Ia","0.16","1"
"PTF11cyv",NULL,"257.128034","60.273331","SN Ia","0.115","1"
"PTF11czq",NULL,"179.742227","56.188625","SN Ia","0.06","2"
"PTF11czz",NULL,"186.748361","5.7393","SN Ia","0.083","1"
"PTF11daj",NULL,"150.16688","2.15503","SN Ia","0.106","1"
"PTF11ddx",NULL,"185.28584","64.447891","SN Ia","0.13","1"
"PTF11dec",NULL,"214.66682","54.183077","SN Ia","0.097","1"
"PTF11deg",NULL,"213.958842","30.71229","SN Ia","0.063","1"
"PTF11dej",NULL,"213.976399","30.369419","SN Ia","0.082","1"
"PTF11dfv",NULL,"250.199332","27.905523","SN Ia","0.136","1"
"PTF11dhq",NULL,"240.968105","24.971889","SN Ia","0.088","1"
"PTF11dhw",NULL,"219.63863","29.621653","SN Ia","0.15","1"
"PTF11dif",NULL,"213.966976","35.739987","SN Ia","0.059","1"
"PTF11dll",NULL,"240.17018","58.317444","SN Ia","0.153","1"
"PTF11dlp",NULL,"254.75704","38.12903","SN Ia","0.09","1"
"PTF11dmi",NULL,"250.97771","26.53181","SN Ia","0.1","1"
"PTF11dn",NULL,"141.778415","50.067194","SN Ia","0.151","1"
"PTF11dqf",NULL,"253.57213","27.36514","SN Ia","0.161","1"
"PTF11drd",NULL,"250.72388","33.75181","SN Ia","0.185","1"
"PTF11drz",NULL,"212.26313","32.41561","SN Ia","0.0564","2"
"PTF11dsa",NULL,"243.04675","29.59028","SN Ia","0.16","1"
"PTF11dsb",NULL,"244.64838","32.69683","SN Ia","0.19","3"
"PTF11dsn",NULL,"238.92108","29.6205","SN Ia","0.15","1"
"PTF11dtm",NULL,"184.066012","18.790431","SN Ia","0.112","1"
"PTF11dva",NULL,"194.210341","20.531259","SN Ia","0.065","1"
"PTF11dwn",NULL,"216.092706","34.809396","SN Ia","0.181","1"
"PTF11dws",NULL,"184.778497","47.355799","SN Ia","0.15","1"
"PTF11dxu","2011dz","243.1868","28.283968","SN Ia","0.0245","3"
"PTF11dzm",NULL,"199.515367","42.176136","SN Ia","0.04","2"
"PTF11ecn",NULL,"253.948276","37.992421","SN Ia","0.062","4"
"PTF11egb",NULL,"280.69979","47.56111","SN Ia","0.132","1"
"PTF11egs",NULL,"233.914857","22.985165","SN Ia","0.131","1"
"PTF11eid",NULL,"236.106775","16.698245","SN Ia","0.2","1"
"PTF11eie",NULL,"228.55047","20.775675","SN Ia","0.0395","4"
"PTF11ein",NULL,"223.652889","22.468934","SN Ia","0.12","1"
"PTF11elc",NULL,"228.69208","28.89647","SN Ia","0.2","1"
"PTF11elh",NULL,"201.936","47.38281","SN Ia","0.09","1"
"PTF11emr","2011et","232.506317","24.874818","SN Ia","0.09","1"
"PTF11eot",NULL,"190.781635","0.011325","SN Ia","0.09","1"
"PTF11eql",NULL,"186.64925","8.621105","SN Ia","0.085","1"
"PTF11erh",NULL,"245.303625","37.99955","SN Ia","0.137","1"
"PTF11fjw",NULL,"211.276076","35.438632","SN Ia","0.193","1"
"PTF11foq",NULL,"253.485199","26.778705","SN Ia","0.22","1"
"PTF11for",NULL,"188.529633","11.491955","SN Ia","0.128","1"
"PTF11fp","2011L","355.048","27.428389","SN Ia","0.031","1"
"PTF11fqf",NULL,"212.917033","59.689615","SN Ia","0.14","1"
"PTF11fqh",NULL,"238.231177","41.966403","SN Ia","0.19","1"
"PTF11fqj",NULL,"240.58088","41.51611","SN Ia","0.1841","2"
"PTF11fsv",NULL,"314.723738","-3.994938","SN Ia","0.12","1"
"PTF11ftp",NULL,"356.25375","30.44942","SN Ia","0.13","2"
"PTF11ftz",NULL,"328.674312","-1.284505","SN Ia","0.12","1"
"PTF11fuz",NULL,"258.700669","65.477054","SN Ia","0.1","1"
"PTF11fvq",NULL,"9.41588","40.67869","SN Ia","0.08","2"
"PTF11fwe",NULL,"253.070679","27.366105","SN Ia","0.054","1"
"PTF11fxh",NULL,"323.822181","4.719227","SN Ia","0.1325","1"
"PTF11gal",NULL,"202.36217","47.86819","SN Ia","0.15","2"
"PTF11gbd",NULL,"259.313664","55.986514","SN Ia","0.16","1"
"PTF11gcb",NULL,"248.02392","25.78383","SN Ia","0.19","2"
"PTF11gcc",NULL,"194.028687","29.287192","SN Ia","0.087","2"
"PTF11gcd",NULL,"225.11027","1.327055","SN Ia","0.15","1"
"PTF11gdh",NULL,"195.15858","28.05672","SN Ia","0.026151","3"
"PTF11gdm",NULL,"254.098736","41.504207","SN Ia","0.143","2"
"PTF11gdx",NULL,"315.00483","-14.84744","SN Ia","0.079","1"
"PTF11ghq",NULL,"257.856608","26.126766","SN Ia","0.169","1"
"PTF11gin",NULL,"252.909328","32.158379","SN Ia","0.163","1"
"PTF11gjb",NULL,"253.729429","31.969978","SN Ia","0.125","1"
"PTF11gjh",NULL,"248.057575","38.655648","SN Ia","0.0393","3"
"PTF11gjn",NULL,"211.73796","55.07525","SN Ia","0.251","4"
"PTF11gjo",NULL,"248.336799","33.138072","SN Ia","0.22","1"
"PTF11glq",NULL,"247.75058","21.28156","SN Ia","0.156","2"
"PTF11gnj",NULL,"249.363769","27.169875","SN Ia","0.131","1"
"PTF11gpb",NULL,"256.307815","31.939194","SN Ia","0.16","1"
"PTF11gvi",NULL,"248.620958","33.503531","SN Ia","0.218","0"
"PTF11hfu",NULL,"320.307628","2.319986","SN Ia","0.038","3"
"PTF11htb",NULL,"328.904425","0.692265","SN Ia","0.05","3"
"PTF11hub",NULL,"198.248098","47.461201","SN Ia","0.0287","3"
"PTF11hyh",NULL,"26.460417","14.583347","SN Ia","0.06","1"
"PTF11hzx",NULL,"327.671537","18.109546","SN Ia","0.2287","8"
"PTF11icm",NULL,"210.247656","52.871514","SN Ia","0.08","3"
"PTF11iho",NULL,"264.276916","34.489364","SN Ia","0.07","1"
"PTF11ihr",NULL,"26.033605","12.803184","SN Ia","0.06","1"
"PTF11iid",NULL,"267.032311","57.766133","SN Ia","0.07","1"
"PTF11ijp",NULL,"326.796412","-1.21757","SN Ia","0.131","1"
"PTF11ikv",NULL,"338.593563","27.627333","SN Ia","0.114","1"
"PTF11ilj",NULL,"8.933562","38.668494","SN Ia","0.1","2"
"PTF11imf",NULL,"40.438975","40.038746","SN Ia","0.12","1"
"PTF11ipz",NULL,"321.268338","-3.842506","SN Ia","0.163","1"
"PTF11ivb",NULL,"9.377973","2.911587","SN Ia","0.07","2"
"PTF11ixp",NULL,"346.354742","16.122931","SN Ia","0.154","1"
"PTF11izs",NULL,"257.695092","39.142419","SN Ia","0.075","2"
"PTF11jar",NULL,"251.549588","54.567493","SN Ia","0.11","1"
"PTF11jaw",NULL,"248.07527","40.89852","SN Ia","0.14","1"
"PTF11jaz",NULL,"251.233052","38.61101","SN Ia","0.16","1"
"PTF11jba",NULL,"248.972591","22.151474","SN Ia","0.16","1"
"PTF11jct",NULL,"28.336157","27.06847","SN Ia","0.1","1"
"PTF11jd",NULL,"138.802534","-22.746634","SN Ia","0.05","1"
"PTF11jfm",NULL,"274.0183","24.086469","SN Ia","0.06","3"
"PTF11jgq",NULL,"268.870773","45.540902","SN Ia","0.129","3"
"PTF11jle",NULL,"317.7586","-1.118984","SN Ia","0.22","2"
"PTF11jlf",NULL,"258.955308","45.513041","SN Ia","0.2","1"
"PTF11jpv",NULL,"329.323786","3.536029","SN Ia","0.179","1"
"PTF11jri",NULL,"41.574106","-0.608213","SN Ia","0.0424","0"
"PTF11jzd",NULL,"263.795043","34.507274","SN Ia","0.24","2"
"PTF11kaw",NULL,"347.723409","13.356299","SN Ia","0.08","2"
"PTF11kdc",NULL,"6.047004","28.968358","SN Ia","0.136","2"
"PTF11kdk",NULL,"258.884556","30.893411","SN Ia","0.03","1"
"PTF11kdw",NULL,"14.262365","-26.883776","SN Ia","0.105","1"
"PTF11kfk","2011ek","36.45371","18.53333","SN Ia",NULL,"5"
"PTF11kgl",NULL,"342.870533","17.240303","SN Ia","0.116","1"
"PTF11khk",NULL,"255.741873","40.518555","SN Ia","0.03","4"
"PTF11kiu",NULL,"334.72958906","26.759526719","SN Ia","0.054","1"
"PTF11kjl",NULL,"261.17784649","73.349802415","SN Ia","0.11","1"
"PTF11kjn","2011ff","341.261925","34.004278","SN Ia","0.023343","1"
"PTF11kjr",NULL,"25.429344","13.676373","SN Ia","0.0452","1"
"PTF11kju",NULL,"43.799921","-0.183773","SN Ia","0.028","1"
"PTF11kkd",NULL,"310.738956","-10.276684","SN Ia","0.08","1"
"PTF11klo",NULL,"356.559889","-28.097382","SN Ia","0.027999","1"
"PTF11klp",NULL,"334.368387","18.284298","SN Ia","0.174","2"
"PTF11klt",NULL,"249.47928","47.355781","SN Ia","0.18","1"
"PTF11klx",NULL,"255.741873","40.518555","SN Ia","0.03","4"
"PTF11kly","2011fe","210.774208","54.273722","SN Ia","0.000804","184"
"PTF11kml",NULL,"30.263724","32.958654","SN Ia","0.082","2"
"PTF11kod",NULL,"261.908244","60.587942","SN Ia","0.188","1"
"PTF11kpb",NULL,"356.2447","31.037824","SN Ia","0.143","2"
"PTF11kpn",NULL,"261.045471","43.053436","SN Ia","0.18","1"
"PTF11kqm",NULL,"249.789964","36.730283","SN Ia","0.126","1"
"PTF11kqv",NULL,"350.471483","32.827903","SN Ia","0.1","1"
"PTF11ksk",NULL,"6.639499","3.359901","SN Ia","0.106","1"
"PTF11ksu",NULL,"240.793971","22.690156","SN Ia","0.0696","1"
"PTF11kx",NULL,"122.303607","46.313559","SN Ia","0.0459","30"
"PTF11kya",NULL,"250.458263","33.875808","SN Ia","0.17","1"
"PTF11lbc",NULL,"344.061231","32.814999","SN Ia","0.15","1"
"PTF11lcf",NULL,"329.666557","24.693532","SN Ia","0.2","1"
"PTF11lev",NULL,"268.187149","46.542312","SN Ia","0.115","1"
"PTF11lih",NULL,"347.745108","31.859947","SN Ia","0.072","2"
"PTF11liu",NULL,"264.085507","38.260137","SN Ia","0.13","1"
"PTF11lm",NULL,"44.823583","6.139535","SN Ia","0.044","1"
"PTF11lms",NULL,"350.95988","25.14147","SN Ia","0.11","1"
"PTF11lmz",NULL,"250.45833","37.51742","SN Ia","0.0615","2"
"PTF11lnb",NULL,"27.670401","21.046381","SN Ia","0.14","1"
"PTF11lpv",NULL,"127.578883","72.836421","SN Ia","0.154","1"
"PTF11lxj",NULL,"334.134391","0.473263","SN Ia","0.14","2"
"PTF11md",NULL,"52.811014","4.655859","SN Ia","0.0365","1"
"PTF11mfy",NULL,"319.318534","1.40968","SN Ia","0.065","2"
"PTF11mke",NULL,"355.350484","25.414972","SN Ia","0.035","1"
"PTF11mkx","2011he","339.194667","20.358667","SN Ia-pec","0.05","5"
"PTF11moy",NULL,"256.575266","38.538869","SN Ia","0.06","1"
"PTF11mpa",NULL,"256.298517","43.900742","SN Ia","0.032","1"
"PTF11mtf",NULL,"239.74","58.120538","SN Ia","0.18","2"
"PTF11mto",NULL,"269.797045","56.884952","SN Ia","0.0937","1"
"PTF11mty",NULL,"323.521679","10.423509","SN Ia","0.077","2"
"PTF11muc",NULL,"30.466113","-5.232206","SN Ia","0.102","2"
"PTF11muf",NULL,"26.881761","27.357792","SN Ia","0.116","1"
"PTF11mvg",NULL,"329.10327","11.272146","SN Ia","0.12","2"
"PTF11mxk",NULL,"29.043666","-5.933254","SN Ia","0.085","1"
"PTF11my",NULL,"61.180012","74.673853","SN Ia","0.092","1"
"PTF11mzs",NULL,"264.51464","38.565355","SN Ia","0.16","1"
"PTF11ncy",NULL,"268.298736","53.668518","SN Ia","0.176","1"
"PTF11nga",NULL,"322.523838","3.515115","SN Ia","0.09","4"
"PTF11nvm",NULL,"12.299136","38.799648","SN Ia","0.156","1"
"PTF11ogy",NULL,"342.073856","18.156293","SN Ia","0.1","3"
"PTF11okh","2011gu","346.511728","34.110027","SN Ia","0.019","2"
"PTF11opu",NULL,"331.958464","27.797139","SN Ia","0.07","3"
"PTF11oqn",NULL,"319.470862","12.85166","SN Ia","0.094","1"
"PTF11owc",NULL,"139.041885","49.625198","SN Ia","0.07","3"
"PTF11oyn",NULL,"332.55833","-0.849307","SN Ia","0.119","1"
"PTF11ozd",NULL,"331.903279","-0.607324","SN Ia","0.096","1"
"PTF11paw",NULL,"9.758577","42.017945","SN Ia","0.191","2"
"PTF11pbp","2011hb","351.981292","8.779361","SN Ia","0.028924","5"
"PTF11pbr",NULL,"351.669533","7.935104","SN Ia","0.119","0"
"PTF11pdi",NULL,"28.402636","20.855875","SN Ia","0.162","1"
"PTF11pdk",NULL,"120.55654","67.51217","SN Ia","0.08","2"
"PTF11pdl",NULL,"12.315869","40.049894","SN Ia","0.263","1"
"PTF11pfm",NULL,"326.057456","0.942811","SN Ia","0.0797","2"
"PTF11pfp",NULL,"29.89588","5.97211","SN Ia","0.16","1"
"PTF11pfx",NULL,"270.86471","32.32417","SN Ia","0.1","1"
"PTF11pg",NULL,"170.41678","-4.555037","SN Ia","0.0243","1"
"PTF11phk",NULL,"5.98625","29.52169","SN Ia","0.073","2"
"PTF11phm",NULL,"30.427465","27.755825","SN Ia","0.173","1"
"PTF11ppn",NULL,"323.841379","26.934648","SN Ia","0.07","1"
"PTF11pra","2011hk","34.691","-6.64175","SN Ia-pec","0.018","3"
"PTF11qbk",NULL,"22.12463","-10.866283","SN Ia","0.1","2"
"PTF11qbq",NULL,"32.465142","-10.024507","SN Ia","0.08","1"
"PTF11qcl",NULL,"331.953481","8.253243","SN Ia","0.085","1"
"PTF11qgy",NULL,"357.845367","-8.584319","SN Ia","0.08","1"
"PTF11qko",NULL,"121.85342","46.59303","SN Ia","0.0538","2"
"PTF11qmn",NULL,"37.60354","-4.57508","SN Ia","0.08","2"
"PTF11qmo",NULL,"151.707338","-7.686759","SN Ia","0.055","7"
"PTF11qnr","2011im","341.10513","-0.16714","SN Ia","0.01623","4"
"PTF11qpc",NULL,"185.022796","9.403363","SN Ia","0.091","1"
"PTF11qpg",NULL,"11.849564","-26.81751","SN Ia","0.0783","2"
"PTF11qri",NULL,"191.77617","-6.33047","SN Ia","0.055","1"
"PTF11qrv",NULL,"356.692322","-3.348195","SN Ia","0.0778","2"
"PTF11qtq",NULL,"28.782827","6.585759","SN Ia","0.15","1"
"PTF11quu",NULL,"187.481784","10.802923","SN Ia","0.086","1"
"PTF11qvc",NULL,"200.223354","42.817108","SN Ia","0.12","1"
"PTF11qvh",NULL,"176.222574","19.562481","SN Ia","0.133","1"
"PTF11qzq",NULL,"109.863512","54.230002","SN Ia","0.06","2"
"PTF11rem",NULL,"358.440723","-10.564157","SN Ia","0.0787","1"
"PTF11ri",NULL,"28.002654","14.319038","SN Ia","0.119","2"
"PTF11rj",NULL,"54.576223","-4.358268","SN Ia","0.163","1"
"PTF11rkd",NULL,"23.206067","-0.142579","SN Ia","0.145","2"
"PTF11rke",NULL,"23.222968","-0.526444","SN Ia","0.0943","2"
"PTF11rly",NULL,"194.570872","-9.866796","SN Ia","0.1","1"
"PTF11rmb",NULL,"151.359809","-6.156675","SN Ia","0.06","2"
"PTF11rnq",NULL,"35.844606","-2.677069","SN Ia","0.15","1"
"PTF11rns",NULL,"187.044789","11.46523","SN Ia","0.11","1"
"PTF11rnu",NULL,"191.363337","0.975882","SN Ia","0.082","3"
"PTF11rpc",NULL,"138.945826","49.472251","SN Ia","0.143","1"
"PTF11rpj",NULL,"132.413356","11.0583","SN Ia","0.08","1"
"PTF11rpz",NULL,"140.491763","51.04042","SN Ia","0.066","2"
"PTF11rrq",NULL,"186.011906","12.434945","SN Ia","0.083","1"
"PTF11sd",NULL,"243.570172","27.209785","SN Ia","0.046","1"
"PTF11tl",NULL,"76.015659","-17.186803","SN Ia","0.0702","1"
"PTF11v",NULL,"227.09217","49.6655","SN Ia","0.037016","2"
"PTF11vl",NULL,"247.169519","27.725818","SN Ia","0.045","2"
"PTF11wa",NULL,"70.670597","-4.273652","SN Ia","0.059775","1"
"PTF11wv",NULL,"148.733864","4.128187","SN Ia","0.09","2"
"PTF11xe",NULL,"190.654077","56.522359","SN Ia","0.14","1"
"PTF11ya","2011U","63.39125","27.543462","SN Ia","0.013356","3"
"PTF11yp",NULL,"200.470694","32.882176","SN Ia","0.121","1"
"PTF11ys",NULL,"75.851688","2.915301","SN Ia","0.1715","1"
"PTF12abl",NULL,"160.843464","12.873421","SN Ia","0.13","1"
"PTF12agy",NULL,"185.084354","64.259769","SN Ia","0.097","0"
"PTF12aki",NULL,"155.395544","5.306836","SN Ia","0.064","2"
"PTF12alp",NULL,"196.914492","6.335794","SN Ia","0.0232","1"
"PTF12aob",NULL,"117.020513","37.174376","SN Ia","0.0845","1"
"PTF12art",NULL,"256.476405","4.861795","SN Ia","0.055","1"
"PTF12ass",NULL,"227.521735","1.216158","SN Ia","0.073","2"
"PTF12ast",NULL,"192.96766","38.524905","SN Ia","0.16","1"
"PTF12asw",NULL,"196.385565","27.341501","SN Ia","0.13","1"
"PTF12awi",NULL,"150.807136","1.895396","SN Ia","0.0455","1"
"PTF12ax",NULL,"131.61908","27.41553","SN Ia","0.11","1"
"PTF12bmr",NULL,"180.02478","52.856778","SN Ia","0.064","1"
"PTF12bnb",NULL,"187.73643","9.488314","SN Ia","0.09","1"
"PTF12bod",NULL,"262.857681","31.25643","SN Ia","0.096","1"
"PTF12bok","2012bh","183.40546","46.48347","SN Ia","0.025244","1"
"PTF12box",NULL,"208.043717","46.47241","SN Ia","0.063","1"
"PTF12brj",NULL,"254.536315","30.472077","SN Ia","0.131","1"
"PTF12bsa",NULL,"205.717262","22.496613","SN Ia","0.09","1"
"PTF12btr",NULL,"191.431537","-27.37676","SN Ia","0.12","1"
"PTF12bvz",NULL,"186.71138","10.16533","SN Ia","0.182","1"
"PTF12bwc",NULL,"190.03379","9.79731","SN Ia","0.109","1"
"PTF12ccw","2012bp","244.551833","36.481333","SN Ia","0.028","3"
"PTF12ccx",NULL,"237.76082","37.049827","SN Ia","0.056","1"
"PTF12ccy",NULL,"238.280761","36.973161","SN Ia","0.085","1"
"PTF12ccz",NULL,"240.925147","36.995618","SN Ia","0.0412","2"
"PTF12cdb",NULL,"208.202172","42.662021","SN Ia","0.12","1"
"PTF12cdd",NULL,"206.989177","35.911309","SN Ia","0.2","1"
"PTF12cdq",NULL,"194.335474","35.60661","SN Ia","0.19","1"
"PTF12cgc",NULL,"201.254963","45.19389","SN Ia","0.09","2"
"PTF12chm",NULL,"227.178762","49.6279","SN Ia","0.125","1"
"PTF12cia",NULL,"192.533149","47.225503","SN Ia","0.14","2"
"PTF12cjg",NULL,"205.326091","55.452181","SN Ia","0.067","1"
"PTF12cks",NULL,"215.684065","34.254515","SN Ia","0.063","2"
"PTF12cnl",NULL,"197.780423","39.082118","SN Ia","0.047","1"
"PTF12csi",NULL,"251.807599","33.305703","SN Ia","0.0529","1"
"PTF12cyd",NULL,"204.027892","34.772851","SN Ia","0.17","1"
"PTF12czu",NULL,"213.905437","53.132423","SN Ia","0.145","1"
"PTF12dcg",NULL,"189.593172","38.663783","SN Ia","0.115","1"
"PTF12dco",NULL,"230.132226","59.195734","SN Ia","0.0749","2"
"PTF12dem",NULL,"248.819862","37.482504","SN Ia","0.2","1"
"PTF12dgy",NULL,"244.072576","40.67452","SN Ia","0.18","1"
"PTF12dhb",NULL,"244.239292","49.697359","SN Ia","0.0565","3"
"PTF12dhk",NULL,"198.796135","53.281665","SN Ia","0.07","0"
"PTF12dhl",NULL,"200.731806","52.233468","SN Ia","0.057","2"
"PTF12dhv",NULL,"187.75828","53.604404","SN Ia","0.14","1"
"PTF12dja",NULL,"201.795176","60.673563","SN Ia","0.166","3"
"PTF12dlz",NULL,"205.828822","61.807069","SN Ia","0.0324","3"
"PTF12dst",NULL,"228.640814","44.623338","SN Ia","0.192","5"
"PTF12dsu",NULL,"221.579674","43.645828","SN Ia","0.157882","1"
"PTF12dwm",NULL,"199.574015","35.707134","SN Ia","0.0532","3"
"PTF12dxf",NULL,"238.097858","45.325603","SN Ia","0.12","1"
"PTF12dxm",NULL,"208.360322","43.913504","SN Ia","0.063","3"
"PTF12dyr",NULL,"236.65264","50.464691","SN Ia","0.14","1"
"PTF12dyv",NULL,"187.888741","55.339997","SN Ia","0.12","1"
"PTF12eab",NULL,"201.39381","43.36264","SN Ia","0.16","1"
"PTF12eac",NULL,"253.344095","36.273136","SN Ia","0.088","1"
"PTF12eaj",NULL,"254.233867","38.75516","SN Ia","0.1","1"
"PTF12ebv",NULL,"188.099617","33.863665","SN Ia","0.132","1"
"PTF12ecj",NULL,"209.411619","36.334347","SN Ia","0.061429","2"
"PTF12eck",NULL,"188.439694","36.125037","SN Ia","0.17","1"
"PTF12ecm",NULL,"239.088792","36.537161","SN Ia","0.0664","2"
"PTF12ecr",NULL,"218.943822","45.188798","SN Ia","0.069","2"
"PTF12edl",NULL,"223.583827","49.588478","SN Ia","0.09","1"
"PTF12eer",NULL,"192.885428","40.444668","SN Ia","0.0658","2"
"PTF12efl",NULL,"223.15424","31.07073","SN Ia","0.15","1"
"PTF12efn",NULL,"186.026672","53.705601","SN Ia","0.061","2"
"PTF12egm",NULL,"178.424499","47.295248","SN Ia","0.1008","1"
"PTF12egr",NULL,"189.892404","47.537211","SN Ia","0.132","1"
"PTF12ejf",NULL,"205.638062","32.878273","SN Ia","0.17","1"
"PTF12ejg",NULL,"216.695436","38.97086","SN Ia","0.15","1"
"PTF12ekl",NULL,"192.957416","44.400397","SN Ia","0.12","1"
"PTF12elc",NULL,"218.704479","41.882311","SN Ia","0.131","1"
"PTF12elj",NULL,"194.582904","44.675077","SN Ia","0.15","1"
"PTF12emh",NULL,"224.011984","36.243206","SN Ia","0.0473","1"
"PTF12emp",NULL,"198.473573","34.116572","SN Ia","0.03","2"
"PTF12emv",NULL,"249.524547","32.011354","SN Ia","0.0975","2"
"PTF12ena","2012cp","206.757081","33.893156","SN Ia","0.0166","6"
"PTF12enh",NULL,"194.229043","36.247827","SN Ia","0.138","1"
"PTF12eof",NULL,"212.036529","31.914729","SN Ia","0.106","1"
"PTF12epf",NULL,"207.502755","33.256074","SN Ia","0.08","1"
"PTF12eph",NULL,"225.306151","47.560727","SN Ia","0.106","0"
"PTF12eqx",NULL,"228.895173","40.343571","SN Ia","0.1115","1"
"PTF12esv",NULL,"245.987183","37.323684","SN Ia","0.033","2"
"PTF12etn",NULL,"195.566276","36.288733","SN Ia","0.1","1"
"PTF12eut",NULL,"240.009605","33.065257","SN Ia","0.089","1"
"PTF12evo",NULL,"179.408603","37.447155","SN Ia","0.065","1"
"PTF12ewk",NULL,"247.24114","39.319725","SN Ia","0.034","1"
"PTF12exf",NULL,"208.353208","31.806225","SN Ia","0.136","1"
"PTF12fhn",NULL,"230.826718","10.517761","SN Ia","0.125","1"
"PTF12fir",NULL,"242.376781","15.785267","SN Ia","0.1333","2"
"PTF12fjx",NULL,"241.070608","47.302686","SN Ia","0.042","2"
"PTF12fkj",NULL,"251.166921","12.247379","SN Ia","0.064","2"
"PTF12fkk",NULL,"220.881168","10.348018","SN Ia","0.056","2"
"PTF12fll",NULL,"218.421636","7.155974","SN Ia","0.12","2"
"PTF12fls",NULL,"240.088946","22.842912","SN Ia","0.1071","2"
"PTF12for",NULL,"335.081437","41.677217","SN Ia","0.06","1"
"PTF12fsd",NULL,"221.909479","13.556904","SN Ia","0.069","1"
"PTF12fut",NULL,"234.266276","14.76168","SN Ia","0.092","1"
"PTF12fuu",NULL,"226.168307","6.072504","SN Ia","0.035","2"
"PTF12fxd",NULL,"246.393381","33.718255","SN Ia","0.119","2"
"PTF12fxn",NULL,"221.76347","9.657197","SN Ia","0.0503","1"
"PTF12fzf",NULL,"42.893882","40.734454","SN Ia","0.03","1"
"PTF12gaw",NULL,"225.499164","17.776193","SN Ia","0.1153","2"
"PTF12gax",NULL,"251.269215","12.191746","SN Ia","0.127","2"
"PTF12gaz",NULL,"234.41624","6.616118","SN Ia","0.071","1"
"PTF12gba",NULL,"226.209895","11.677069","SN Ia","0.17","2"
"PTF12gbr",NULL,"246.156684","9.320144","SN Ia","0.16","2"
"PTF12gco",NULL,"225.03033","9.820412","SN Ia","0.15","1"
"PTF12gdq",NULL,"227.897143","9.709456","SN Ia","0.033","4"
"PTF12ggb",NULL,"234.606839","31.535787","SN Ia","0.06","2"
"PTF12ghy","2012ds","245.941333","9.78675","SN Ia","0.034","5"
"PTF12gix",NULL,"11.764454","41.502152","SN Ia","0.11","1"
"PTF12giy",NULL,"348.930714","0.418972","SN Ia","0.029","3"
"PTF12gkn",NULL,"231.41596","9.651573","SN Ia","0.077","2"
"PTF12gmf",NULL,"234.806755","8.457071","SN Ia","0.1253","2"
"PTF12gmq",NULL,"242.631527","36.291682","SN Ia","0.10134","1"
"PTF12gmu",NULL,"238.721047","31.9885","SN Ia","0.115","1"
"PTF12gmv",NULL,"41.255981","-0.730128","SN Ia","0.0543","2"
"PTF12gmy",NULL,"226.232146","3.487221","SN Ia","0.101","2"
"PTF12gnw",NULL,"255.298259","33.001634","SN Ia","0.1","2"
"PTF12gpd",NULL,"219.113494","7.252343","SN Ia","0.116","1"
"PTF12gqh",NULL,"7.199497","3.486775","SN Ia","0.051","2"
"PTF12gqk",NULL,"228.727425","24.83805","SN Ia","0.18","1"
"PTF12gqy",NULL,"231.065871","11.27652","SN Ia","0.097","1"
"PTF12grb",NULL,"238.892715","18.742483","SN Ia","0.1367","2"
"PTF12grk",NULL,"24.148003","34.03283","SN Ia","0.0677","2"
"PTF12grm",NULL,"232.719224","15.723672","SN Ia","0.115","1"
"PTF12gsz",NULL,"242.580791","17.449127","SN Ia","0.091","2"
"PTF12gtf",NULL,"312.37268","10.582807","SN Ia","0.06","2"
"PTF12gui",NULL,"237.529465","35.17988","SN Ia","0.091","1"
"PTF12guy",NULL,"252.06391","30.430709","SN Ia","0.144","2"
"PTF12gvd",NULL,"46.124801","34.920823","SN Ia","0.12","1"
"PTF12gvq",NULL,"62.496628","28.010901","SN Ia","0.042","1"
"PTF12gwj",NULL,"229.709073","11.675581","SN Ia","0.15","1"
"PTF12gxc",NULL,"227.969026","6.163085","SN Ia","0.077","2"
"PTF12gxk",NULL,"251.222685","29.744032","SN Ia","0.15","1"
"PTF12gyr",NULL,"257.973205","27.61951","SN Ia","0.106","1"
"PTF12gzt",NULL,"241.069737","36.379909","SN Ia","0.15","2"
"PTF12hdb",NULL,"323.475099","0.149284","SN Ia","0.121","3"
"PTF12hdq",NULL,"239.66388","5.266231","SN Ia","0.0658","1"
"PTF12hmx",NULL,"341.787551","0.174436","SN Ia","0.0851","1"
"PTF12hnl",NULL,"110.796525","73.338857","SN Ia","0.048","1"
"PTF12hnm","2012dq","118.731167","72.609611","SN Ia","0.012","2"
"PTF12hnr",NULL,"351.064176","-5.21111","SN Ia","0.1883","3"
"PTF12hod",NULL,"109.665116","72.187908","SN Ia","0.067","1"
"PTF12hpc",NULL,"4.408328","-5.38264","SN Ia","0.065","1"
"PTF12hwb",NULL,"338.389721","-1.162587","SN Ia","0.056","1"
"PTF12hws",NULL,"11.591094","1.123575","SN Ia","0.13","2"
"PTF12ibd",NULL,"9.760784","0.773711","SN Ia","0.1229","1"
"PTF12ibh",NULL,"11.591094","1.123575","SN Ia","0.13","2"
"PTF12ie",NULL,"129.85942","13.95817","SN Ia","0.1585","1"
"PTF12igp",NULL,"359.340756","-7.427455","SN Ia","0.17","1"
"PTF12igw",NULL,"8.49938","-6.309353","SN Ia","0.134","1"
"PTF12iiq",NULL,"42.532333","-0.265124","SN Ia","0.0291","1"
"PTF12ikt",NULL,"18.679705","0.285308","SN Ia","0.044","2"
"PTF12ilb",NULL,"359.008491","14.499782","SN Ia","0.0774","2"
"PTF12ild",NULL,"338.242472","-0.21523","SN Ia","0.17232","2"
"PTF12iqs",NULL,"44.768731","0.918575","SN Ia","0.197","1"
"PTF12irf",NULL,"30.531561","0.183752","SN Ia","0.1921","2"
"PTF12irx",NULL,"13.988175","41.625111","SN Ia","0.126","1"
"PTF12itq",NULL,"344.480742","-0.340359","SN Ia","0.22","2"
"PTF12iuh",NULL,"29.391026","-0.304823","SN Ia","0.18649","1"
"PTF12ivi",NULL,"12.567624","-0.227216","SN Ia","0.16","1"
"PTF12ixq",NULL,"43.066719","0.526021","SN Ia","0.12","1"
"PTF12izc",NULL,"355.893225","0.568654","SN Ia","0.08","2"
"PTF12jaz",NULL,"354.20909","-6.994747","SN Ia","0.13","1"
"PTF12jb",NULL,"356.53904","3.29281","SN Ia","0.115","1"
"PTF12jcp",NULL,"353.231551","36.434824","SN Ia","0.084","2"
"PTF12jfy",NULL,"341.503653","17.353039","SN Ia","0.088","2"
"PTF12jgb",NULL,"63.755992","-15.348258","SN Ia","0.028236","3"
"PTF12jge","2012et","355.66175","27.092083","SN Ia","0.025","2"
"PTF12jgg",NULL,"353.152473","26.218578","SN Ia","0.0689","1"
"PTF12jgl",NULL,"356.290611","32.33139","SN Ia","0.08","2"
"PTF12jic",NULL,"352.384615","16.426248","SN Ia","0.0406","1"
"PTF12jid",NULL,"0.874751","26.285062","SN Ia","0.1145","1"
"PTF12jma",NULL,"16.516242","24.228033","SN Ia","0.07","2"
"PTF12jmq",NULL,"338.450458","27.909073","SN Ia","0.17","1"
"PTF12jqh",NULL,"131.520184","59.695654","SN Ia","0.047","3"
"PTF12jsi",NULL,"346.736701","29.840185","SN Ia","0.07","1"
"PTF12jtw",NULL,"14.382436","36.821801","SN Ia","0.06","1"
"PTF12juu",NULL,"8.025594","34.747118","SN Ia","0.097","1"
"PTF12jvm",NULL,"120.23963","64.765525","SN Ia","0.072","2"
"PTF12jvo",NULL,"149.189463","67.83681","SN Ia","0.125","2"
"PTF12jxj",NULL,"337.973904","-4.405254","SN Ia","0.108","2"
"PTF12jxq",NULL,"114.271415","56.041942","SN Ia","0.03292","1"
"PTF12keu",NULL,"352.936432","29.616466","SN Ia","0.0741","1"
"PTF12kgt",NULL,"17.86176","33.866233","SN Ia","0.057","2"
"PTF12khh","2012cg","186.803458","9.420333","SN Ia","0.001458","32"
"PTF12kim",NULL,"355.959603","18.328608","SN Ia","0.08","2"
"PTF12kjh","2012fm","104.05579","84.08061","SN Ia","0.014","3"
"PTF12kjl",NULL,"21.756787","2.809154","SN Ia","0.0759","2"
"PTF12kkc",NULL,"106.08695","49.889211","SN Ia","0.096","2"
"PTF12kko",NULL,"8.266031","31.393224","SN Ia","0.15","2"
"PTF12klx",NULL,"53.518791","-21.8743","SN Ia","0.11","1"
"PTF12kta",NULL,"108.273627","56.661231","SN Ia","0.092","2"
"PTF12kwi",NULL,"21.518338","29.312147","SN Ia","0.104","2"
"PTF12kxp",NULL,"358.683141","34.095565","SN Ia","0.15","2"
"PTF12kxv",NULL,"5.18585","22.084263","SN Ia","0.15","2"
"PTF12lc",NULL,"116.137","39.19842","SN Ia","0.063","1"
"PTF12lcq",NULL,"70.816814","-5.360836","SN Ia","0.16","2"
"PTF12lcr",NULL,"354.924604","25.110284","SN Ia","0.1","2"
"PTF12ldo",NULL,"74.56629","-16.299724","SN Ia","0.02","1"
"PTF12ldz",NULL,"359.368335","33.69968","SN Ia","0.07","1"
"PTF12lee",NULL,"354.924604","25.110284","SN Ia","0.1","2"
"PTF12lel",NULL,"153.688123","69.137154","SN Ia","0.04","2"
"PTF12lgq","2012go","340.466053","34.968672","SN Ia","0.033","1"
"PTF12lib",NULL,"50.083199","-15.237949","SN Ia","0.1085","1"
"PTF12lic",NULL,"125.784802","60.023818","SN Ia","0.084","1"
"PTF12lie",NULL,"48.2427","-11.7111","SN Ia","0.058","13"
"PTF12lih",NULL,"113.743128","59.021643","SN Ia","0.039771","2"
"PTF12ljq",NULL,"30.450049","36.970836","SN Ia","0.249","2"
"PTF12lnr",NULL,"127.518866","63.541261","SN Ia","0.025","2"
"PTF12loq",NULL,"346.77993","32.690183","SN Ia","0.1","2"
"PTF12ltv",NULL,"120.549365","38.95021","SN Ia","0.060811","3"
"PTF12luk",NULL,"67.97297","-18.866216","SN Ia","0.095","2"
"PTF12lva",NULL,"160.612689","12.412959","SN Ia","0.09","2"
"PTF12lvg",NULL,"143.985066","22.820321","SN Ia","0.08136","2"
"PTF12lwj",NULL,"139.449131","53.034334","SN Ia","0.125","2"
"PTF12lxp",NULL,"123.281629","63.374282","SN Ia","0.038","2"
"PTF12lz",NULL,"24.320416","30.120641","SN Ia","0.07","1"
"PTF12maw",NULL,"22.5429","9.388633","SN Ia","0.056","1"
"PTF12mbp",NULL,"12.829721","36.749871","SN Ia","0.14","2"
"PTF12mby",NULL,"127.250071","54.090188","SN Ia","0.15","2"
"PTF12mch",NULL,"120.711453","72.634725","SN Ia","0.12","1"
"PTF12mcu",NULL,"23.880362","15.002867","SN Ia","0.124","1"
"PTF12mdb",NULL,"1.915514","30.688137","SN Ia","0.08","1"
"PTF12mde",NULL,"117.899487","47.237467","SN Ia","0.1","1"
"PTF12mdr",NULL,"9.042285","20.801759","SN Ia","0.1","1"
"PTF12meo",NULL,"18.874245","6.739925","SN Ia","0.13","1"
"PTF12mew",NULL,"124.528478","64.452371","SN Ia","0.11","1"
"PTF12mez",NULL,"161.329956","39.978149","SN Ia","0.11","1"
"PTF12mfg",NULL,"70.268997","-9.855482","SN Ia","0.09","1"
"PTF12mgc",NULL,"127.518303","72.399593","SN Ia","0.14","1"
"PTF12mgm",NULL,"16.097973","7.017993","SN Ia","0.035","1"
"PTF12mj",NULL,"156.43394","73.700257","SN Ia","0.069","1"
"PTF12mjh",NULL,"131.961835","51.771767","SN Ia","0.115","1"
"PTF12ml",NULL,"23.503205","-0.013041","SN Ia","0.114","1"
"PTF12mnc",NULL,"76.387348","-18.035067","SN Ia","0.1","1"
"PTF12mpc",NULL,"116.130113","77.957881","SN Ia","0.13","1"
"PTF12mqz",NULL,"156.428125","47.315935","SN Ia","0.07","1"
"PTF12mrq",NULL,"123.499845","55.678116","SN Ia","0.144","1"
"PTF12ms",NULL,"40.96483","0.59928","SN Ia","0.1147","1"
"PTF12rz",NULL,"28.034849","35.665654","SN Ia","0.117","1"
"PTF12sz",NULL,"186.715496","5.265971","SN Ia","0.11","1"
"PTF12ta",NULL,"188.760521","8.544097","SN Ia","0.02","1"
"PTF12tc",NULL,"25.446162","6.366993","SN Ia","0.082","2"
"PTF12tr",NULL,"70.036677","3.25689","SN Ia","0.089","2"
"PTF12vr",NULL,"186.775229","7.500115","SN Ia","0.14","1"
"PTF12yc",NULL,"11.295964","39.189186","SN Ia","0.17","1"
"PTF12zg",NULL,"118.587284","23.779228","SN Ia","0.12","1"
"PTF12zp",NULL,"187.546843","11.744631","SN Ia","0.09","1"
